1000;6138,0;7389,0;7154,0;6329,0;7323,0;6999,0;5832,0;7298,0;7516,0;7414,0;7335,0;7431,0;8065,0;6024,0;6530,0;7845,0;8143,0;7692,0;6498,0;6169,0;6903,0;6158,0;6136,0;6155,0;7866,0;5494,0;7882,0;8430,0;7392,0;7445,0;5509,0;7359,0;8169,0;8903,0;8085,0;5578,0;8065,0;5994,0;8067,0;5653,0;8644,0;6660,0;6386,0;7588,0;6622,0;8596,0;7014,0;8329,0;7666,0;5486,0;
2000;14771,0;15314,0;14662,0;18054,0;15126,0;15200,0;18845,0;18894,0;16862,0;19328,0;14665,0;17405,0;13466,0;17895,0;15669,0;18352,0;15746,0;21570,0;18437,0;15452,0;18202,0;16161,0;16595,0;19553,0;17555,0;17548,0;15570,0;15735,0;19157,0;16510,0;14634,0;16017,0;12313,0;16640,0;13602,0;16335,0;13977,0;17072,0;16986,0;13601,0;17518,0;13939,0;19705,0;15903,0;16700,0;12954,0;19357,0;16641,0;14424,0;14220,0;
3000;25672,0;28251,0;25790,0;22524,0;18744,0;25616,0;23621,0;27795,0;25099,0;26096,0;32053,0;28966,0;29846,0;24095,0;20961,0;29554,0;40777,0;20799,0;22931,0;33390,0;25794,0;25760,0;34780,0;18927,0;27854,0;25048,0;40870,0;25180,0;23816,0;29680,0;28826,0;23253,0;24011,0;25671,0;28195,0;21307,0;25311,0;22840,0;26725,0;23017,0;23153,0;31362,0;33133,0;28559,0;22602,0;30386,0;22351,0;32849,0;22708,0;26828,0;
4000;32352,0;34128,0;36073,0;39348,0;29297,0;37194,0;44021,0;42460,0;42746,0;30461,0;34600,0;26914,0;40769,0;36223,0;33559,0;35033,0;45603,0;44453,0;33575,0;41550,0;40529,0;29055,0;28996,0;27948,0;38753,0;30593,0;33106,0;37481,0;40065,0;37071,0;33544,0;37895,0;29346,0;35478,0;36387,0;36555,0;38913,0;34409,0;43695,0;30020,0;34999,0;40729,0;39757,0;40625,0;35212,0;35193,0;31776,0;40300,0;29483,0;33354,0;
5000;48165,0;47940,0;47140,0;58006,0;43065,0;53485,0;43653,0;46183,0;35409,0;40488,0;36256,0;40994,0;46678,0;51590,0;49685,0;38602,0;39055,0;42369,0;52830,0;45307,0;66705,0;42410,0;40851,0;45241,0;41408,0;60228,0;41515,0;44970,0;46129,0;41158,0;39918,0;43073,0;52621,0;45155,0;48295,0;41422,0;41591,0;45344,0;46836,0;56598,0;36506,0;40455,0;51245,0;50131,0;39026,0;43106,0;39685,0;44303,0;48514,0;55244,0;
6000;50428,0;63655,0;50097,0;67719,0;52910,0;59412,0;51546,0;51943,0;55737,0;56349,0;48922,0;61024,0;56258,0;57656,0;50499,0;55202,0;64557,0;53946,0;64528,0;54719,0;60528,0;51749,0;63443,0;47599,0;52058,0;59447,0;45899,0;55340,0;49354,0;50658,0;42761,0;52384,0;46296,0;48439,0;51267,0;51025,0;60949,0;49332,0;52980,0;60919,0;61659,0;58256,0;53943,0;55425,0;47969,0;51483,0;53444,0;58317,0;59948,0;52272,0;
7000;66249,0;64735,0;65845,0;62608,0;63057,0;88535,0;65023,0;56388,0;59924,0;66705,0;80629,0;68930,0;52626,0;66636,0;64434,0;63059,0;62335,0;64398,0;64524,0;67220,0;61768,0;72194,0;64047,0;65103,0;68149,0;62115,0;57477,0;66639,0;64436,0;59028,0;80571,0;76501,0;64649,0;68957,0;68451,0;62298,0;59341,0;84294,0;63777,0;65115,0;61559,0;73536,0;65919,0;57456,0;80052,0;72615,0;60782,0;86270,0;68170,0;53166,0;
8000;72731,0;67647,0;94302,0;62366,0;81654,0;60081,0;68318,0;76944,0;139947,0;89440,0;88189,0;70962,0;73096,0;71294,0;78051,0;66903,0;70772,0;71019,0;72376,0;70743,0;66866,0;73575,0;76212,0;71182,0;73338,0;61700,0;66433,0;75964,0;72753,0;66320,0;89321,0;91234,0;79277,0;65037,0;77083,0;77393,0;77268,0;80083,0;66478,0;79821,0;86717,0;72176,0;85403,0;103362,0;85383,0;74354,0;93541,0;74971,0;74841,0;80718,0;
9000;85685,0;105720,0;89182,0;87026,0;76000,0;77117,0;90915,0;83549,0;94260,0;100047,0;95661,0;82899,0;84795,0;115657,0;93717,0;84781,0;97228,0;75642,0;82994,0;77449,0;95097,0;81697,0;86038,0;90357,0;102662,0;81853,0;111283,0;84201,0;99596,0;84719,0;89538,0;93996,0;112450,0;78860,0;94213,0;104031,0;80521,0;88318,0;102481,0;78149,0;83143,0;77886,0;74828,0;91523,0;71173,0;92007,0;71551,0;76590,0;91214,0;85671,0;
10000;88957,0;113389,0;86273,0;89903,0;90585,0;91425,0;106884,0;111089,0;79807,0;96648,0;114295,0;95537,0;97967,0;75634,0;105173,0;98959,0;86607,0;92626,0;136573,0;110248,0;107246,0;96563,0;80826,0;82984,0;79064,0;83859,0;102523,0;95182,0;105968,0;105072,0;104496,0;109609,0;93697,0;108853,0;99580,0;100219,0;97089,0;81592,0;83747,0;127120,0;90066,0;94395,0;92611,0;80458,0;91626,0;78677,0;92278,0;97879,0;118021,0;95189,0;
11000;113185,0;98638,0;107430,0;144609,0;133456,0;114397,0;109478,0;101700,0;115319,0;91460,0;154381,0;107878,0;112219,0;117358,0;124885,0;92916,0;94762,0;100506,0;107499,0;136525,0;95241,0;107270,0;98237,0;103594,0;94387,0;122469,0;108928,0;123974,0;114761,0;115727,0;113829,0;135007,0;115790,0;104190,0;135623,0;103095,0;88617,0;126964,0;103282,0;95498,0;115427,0;120041,0;113422,0;94223,0;90515,0;103556,0;128539,0;107625,0;111020,0;108466,0;
12000;103754,0;103785,0;118571,0;118789,0;99300,0;119714,0;113149,0;124592,0;128083,0;112078,0;122197,0;106924,0;107633,0;118400,0;115608,0;119097,0;116869,0;116380,0;139308,0;128663,0;142010,0;115825,0;112585,0;136774,0;114959,0;96965,0;150754,0;131676,0;99225,0;137367,0;126551,0;104828,0;110538,0;185567,0;125141,0;112543,0;111628,0;104624,0;118312,0;103389,0;121257,0;106933,0;106779,0;144271,0;141422,0;114445,0;104861,0;121226,0;139622,0;127769,0;
13000;117728,0;103615,0;122429,0;149019,0;131544,0;182421,0;111590,0;134787,0;128381,0;111897,0;129134,0;109119,0;177249,0;116352,0;142688,0;116778,0;118196,0;136452,0;137084,0;130682,0;147500,0;124787,0;141735,0;134558,0;125324,0;166094,0;120799,0;134007,0;117424,0;124459,0;170235,0;125838,0;156326,0;141566,0;173499,0;115565,0;146455,0;115003,0;113077,0;156501,0;127145,0;149214,0;117418,0;122056,0;114101,0;114109,0;156997,0;120138,0;117640,0;120877,0;
14000;140770,0;177956,0;148128,0;133809,0;138634,0;137488,0;150389,0;132896,0;209577,0;147778,0;112222,0;153019,0;168643,0;140134,0;183792,0;131681,0;170351,0;127322,0;141186,0;144153,0;165240,0;156139,0;133783,0;166070,0;116829,0;124711,0;127863,0;131913,0;140562,0;162418,0;120822,0;143093,0;166359,0;126483,0;137197,0;133910,0;164564,0;135419,0;165893,0;151310,0;136345,0;138692,0;142625,0;130533,0;135809,0;136289,0;144649,0;134589,0;157016,0;141349,0;
15000;161372,0;128479,0;121348,0;145725,0;128696,0;152619,0;152541,0;133211,0;180833,0;130537,0;136247,0;152734,0;135756,0;154288,0;187312,0;128691,0;161477,0;149227,0;171484,0;158151,0;142625,0;163563,0;170763,0;150264,0;125391,0;163942,0;193458,0;159705,0;135084,0;173176,0;147445,0;148974,0;176367,0;158328,0;158344,0;196070,0;139554,0;155891,0;231487,0;145075,0;125773,0;143708,0;167200,0;133869,0;156414,0;130640,0;151957,0;146891,0;131235,0;144120,0;
16000;170066,0;182273,0;176266,0;137506,0;191076,0;144608,0;133251,0;194041,0;180487,0;191623,0;163092,0;150825,0;141406,0;203215,0;156230,0;164262,0;218792,0;164431,0;151527,0;184323,0;188542,0;170029,0;175125,0;194779,0;135733,0;174210,0;147685,0;168810,0;151248,0;212690,0;204582,0;143315,0;166518,0;145558,0;175252,0;148586,0;188631,0;161633,0;155556,0;141460,0;160062,0;156351,0;158582,0;136828,0;227488,0;164343,0;160868,0;192726,0;166595,0;172120,0;
17000;168846,0;208257,0;174013,0;201585,0;156982,0;177681,0;161727,0;187663,0;154849,0;209075,0;160620,0;145886,0;178977,0;171537,0;136339,0;149106,0;163216,0;205707,0;158717,0;159101,0;258701,0;169798,0;232458,0;185537,0;189568,0;179007,0;163866,0;157400,0;211404,0;190463,0;177259,0;178759,0;166875,0;180774,0;151927,0;155315,0;179667,0;168512,0;181186,0;159825,0;171696,0;186481,0;181236,0;145277,0;190741,0;171018,0;165617,0;171111,0;190163,0;154619,0;
18000;200680,0;171078,0;195004,0;201109,0;162232,0;169227,0;150804,0;199574,0;186649,0;172046,0;208130,0;193472,0;221397,0;197474,0;183898,0;171344,0;177589,0;205001,0;157736,0;183952,0;224987,0;177869,0;216048,0;163697,0;171147,0;167671,0;196677,0;190227,0;159652,0;182754,0;192141,0;150175,0;180619,0;174034,0;226327,0;192625,0;171621,0;177579,0;180510,0;190028,0;171600,0;159599,0;235301,0;163335,0;213788,0;192437,0;301932,0;219140,0;177296,0;177677,0;
19000;175328,0;176887,0;202605,0;167037,0;203014,0;175473,0;218816,0;220788,0;225030,0;240363,0;206779,0;184843,0;171006,0;210547,0;190078,0;192909,0;170354,0;208394,0;169821,0;189168,0;216751,0;210114,0;181231,0;213970,0;168233,0;208364,0;202969,0;179564,0;219054,0;209538,0;197568,0;197313,0;216717,0;259777,0;162834,0;213018,0;203439,0;213090,0;191986,0;202637,0;195770,0;190397,0;195820,0;195742,0;247135,0;212955,0;192695,0;196538,0;178704,0;216117,0;
20000;263748,0;191071,0;196331,0;276088,0;215041,0;185007,0;180666,0;175464,0;174232,0;208878,0;210732,0;193347,0;221620,0;183887,0;247857,0;178799,0;222765,0;204123,0;190769,0;169335,0;207109,0;173458,0;199114,0;224808,0;182852,0;211072,0;188604,0;202331,0;208599,0;166292,0;170118,0;206031,0;205347,0;205256,0;251034,0;200850,0;223340,0;207642,0;181395,0;198629,0;221348,0;225452,0;197576,0;200842,0;174820,0;187000,0;221546,0;231237,0;243338,0;201518,0;
21000;240063,0;207567,0;277235,0;188208,0;192427,0;209903,0;220013,0;193997,0;231976,0;190812,0;200102,0;216637,0;242302,0;197739,0;204955,0;205297,0;210443,0;219867,0;176522,0;190552,0;235799,0;207426,0;227394,0;248737,0;222804,0;196403,0;261760,0;300127,0;216454,0;206472,0;198056,0;260388,0;213162,0;183680,0;245571,0;236708,0;226859,0;270482,0;223738,0;251041,0;212165,0;221605,0;244816,0;256864,0;219325,0;241783,0;199907,0;191989,0;167394,0;232886,0;
22000;188866,0;196779,0;195394,0;228013,0;264953,0;233310,0;268321,0;230102,0;332493,0;289497,0;216714,0;265235,0;255950,0;256122,0;208043,0;269937,0;283015,0;213491,0;245484,0;227239,0;220434,0;219438,0;200832,0;265320,0;201419,0;195670,0;230830,0;222345,0;225165,0;217550,0;239111,0;226811,0;225348,0;234678,0;250938,0;208811,0;237265,0;271915,0;324641,0;286148,0;215618,0;242846,0;175597,0;191039,0;286262,0;242146,0;194588,0;221017,0;225706,0;211723,0;
23000;207011,0;235774,0;272604,0;209412,0;292546,0;245427,0;297818,0;213605,0;264240,0;207916,0;218669,0;252146,0;222749,0;317656,0;270676,0;203581,0;315087,0;253141,0;220057,0;229924,0;250243,0;263983,0;248555,0;240744,0;237360,0;240430,0;222254,0;223687,0;257769,0;221364,0;237743,0;214409,0;251093,0;225455,0;251516,0;212600,0;246810,0;206282,0;275062,0;245584,0;224057,0;263809,0;237722,0;223619,0;243175,0;291752,0;252616,0;245164,0;216529,0;251041,0;
24000;276180,0;237736,0;310288,0;243409,0;244736,0;256181,0;231144,0;219150,0;237176,0;225903,0;240843,0;222744,0;306335,0;233756,0;232236,0;269755,0;287629,0;277363,0;217140,0;243065,0;259112,0;285832,0;222614,0;216882,0;277949,0;257783,0;272348,0;288808,0;345916,0;325157,0;240289,0;252987,0;372095,0;238207,0;295969,0;205055,0;217165,0;249744,0;231331,0;265530,0;482070,0;261780,0;272658,0;232604,0;261298,0;251780,0;261493,0;348816,0;216314,0;282416,0;
25000;221338,0;260016,0;251057,0;218250,0;218401,0;222253,0;237863,0;306686,0;277807,0;254104,0;297974,0;304666,0;303197,0;275040,0;250035,0;253941,0;237561,0;374723,0;241589,0;254084,0;277981,0;237685,0;232576,0;327184,0;245748,0;286268,0;224011,0;255895,0;268073,0;266193,0;234069,0;261728,0;246509,0;329879,0;241661,0;274507,0;248975,0;272329,0;290549,0;267524,0;237976,0;272517,0;234202,0;255170,0;268872,0;260545,0;289254,0;264128,0;237999,0;389091,0;
26000;253547,0;286605,0;246733,0;323777,0;261088,0;306416,0;245614,0;361086,0;298357,0;255080,0;238043,0;255847,0;267359,0;257118,0;285759,0;269042,0;239764,0;334235,0;265480,0;257590,0;291381,0;269928,0;303202,0;249552,0;261163,0;265505,0;317414,0;278668,0;325016,0;284530,0;268716,0;287270,0;378588,0;282406,0;252245,0;236664,0;301720,0;428674,0;310808,0;248665,0;283883,0;245477,0;358760,0;288634,0;286873,0;242082,0;242650,0;336866,0;264252,0;245278,0;
27000;279612,0;239760,0;317275,0;287121,0;257117,0;272353,0;280729,0;290739,0;278848,0;343795,0;246397,0;259751,0;259200,0;278730,0;290614,0;310373,0;300419,0;234005,0;251887,0;294347,0;247272,0;302383,0;338761,0;286809,0;253464,0;259828,0;316500,0;260892,0;270349,0;315410,0;268646,0;357483,0;286814,0;282611,0;260304,0;256148,0;309090,0;263158,0;274868,0;270532,0;293288,0;318024,0;271407,0;301048,0;302992,0;261847,0;286215,0;290153,0;279826,0;303528,0;
28000;280196,0;312698,0;283790,0;270991,0;275168,0;252431,0;275883,0;267572,0;305492,0;292299,0;342271,0;302579,0;290840,0;280508,0;335350,0;262719,0;361889,0;269032,0;362576,0;259560,0;307607,0;343515,0;271389,0;299879,0;308866,0;305872,0;304689,0;246109,0;293394,0;260101,0;291759,0;256696,0;311939,0;298017,0;246984,0;306346,0;288924,0;328098,0;354264,0;295171,0;400442,0;291217,0;288296,0;265874,0;431083,0;324147,0;325672,0;274704,0;240392,0;317470,0;
29000;310748,0;361824,0;299954,0;304919,0;412111,0;328556,0;317531,0;273017,0;341758,0;284843,0;331036,0;344110,0;295916,0;283593,0;324587,0;282257,0;284908,0;318098,0;308973,0;290383,0;356171,0;323400,0;286530,0;271972,0;307260,0;282762,0;292051,0;286729,0;282910,0;302612,0;318441,0;309876,0;338751,0;287681,0;332852,0;323170,0;293610,0;331610,0;283566,0;319051,0;313455,0;281981,0;431430,0;361457,0;254412,0;291556,0;363444,0;285199,0;396921,0;491312,0;
30000;320773,0;293848,0;311931,0;303357,0;358913,0;354152,0;354422,0;340641,0;319168,0;289354,0;311061,0;335128,0;318518,0;356706,0;355372,0;264379,0;376878,0;355471,0;319364,0;312095,0;426248,0;387848,0;315438,0;306925,0;354468,0;318702,0;312186,0;294064,0;290942,0;336648,0;297010,0;445357,0;301736,0;337430,0;327024,0;337036,0;292026,0;349076,0;335391,0;328781,0;344790,0;355919,0;342884,0;299812,0;475126,0;343936,0;313542,0;347091,0;287224,0;330139,0;
31000;379952,0;330526,0;433099,0;378508,0;326322,0;338525,0;300956,0;347296,0;318514,0;346602,0;353753,0;337124,0;311886,0;343593,0;354625,0;327223,0;314481,0;326143,0;300510,0;298894,0;414739,0;359209,0;326601,0;340824,0;317651,0;321649,0;298829,0;348875,0;307773,0;327555,0;409449,0;344424,0;276084,0;407496,0;324149,0;304058,0;290303,0;327380,0;283016,0;292954,0;414736,0;380538,0;339302,0;317828,0;342353,0;367382,0;326380,0;330060,0;448824,0;323601,0;
32000;303539,0;355569,0;286149,0;390184,0;318253,0;414050,0;361946,0;332875,0;319985,0;347894,0;299961,0;365418,0;328947,0;404309,0;326413,0;379014,0;318571,0;400361,0;392807,0;313038,0;383569,0;492980,0;317783,0;338790,0;317691,0;323294,0;301361,0;312127,0;360752,0;384886,0;316888,0;342782,0;341884,0;359831,0;320780,0;311988,0;313882,0;332570,0;322103,0;392418,0;288281,0;309435,0;339376,0;320862,0;346255,0;353312,0;398471,0;514745,0;297080,0;410587,0;
33000;376813,0;374043,0;321551,0;329855,0;402924,0;370908,0;352745,0;324085,0;312998,0;411567,0;451806,0;371487,0;431028,0;389883,0;355975,0;322943,0;344110,0;397241,0;378854,0;313121,0;374473,0;352208,0;388396,0;395219,0;381709,0;305688,0;359356,0;410985,0;339538,0;341092,0;315018,0;334012,0;471170,0;313469,0;312123,0;351543,0;331794,0;401448,0;394725,0;488760,0;326065,0;342382,0;395501,0;305578,0;380934,0;347356,0;351780,0;423127,0;371917,0;347590,0;
34000;338199,0;363271,0;373181,0;335792,0;406480,0;349416,0;507022,0;392529,0;351500,0;489581,0;355047,0;539638,0;479025,0;406793,0;408816,0;358590,0;319723,0;380219,0;338816,0;365916,0;310868,0;346143,0;382974,0;441404,0;308591,0;443804,0;571939,0;449250,0;382431,0;446751,0;358013,0;339293,0;389292,0;323101,0;340536,0;353285,0;361436,0;341143,0;397024,0;353869,0;360056,0;403641,0;331767,0;350360,0;391348,0;382362,0;545262,0;360505,0;353481,0;364847,0;
35000;371763,0;463111,0;516807,0;378397,0;347213,0;359364,0;338730,0;399021,0;370796,0;345626,0;333738,0;369072,0;357528,0;400894,0;367992,0;370626,0;350068,0;351445,0;427814,0;419053,0;403490,0;419926,0;426490,0;339805,0;370187,0;381880,0;419478,0;396084,0;346831,0;379610,0;348828,0;433181,0;365958,0;295660,0;339413,0;434498,0;400067,0;372001,0;305618,0;396956,0;354160,0;403882,0;392967,0;340451,0;363182,0;364773,0;448776,0;429990,0;431429,0;368085,0;
36000;449182,0;375106,0;577640,0;354597,0;394357,0;393037,0;373336,0;401124,0;509604,0;379459,0;431310,0;368654,0;444223,0;414817,0;435054,0;389562,0;421791,0;403708,0;424925,0;409655,0;423307,0;374705,0;389395,0;447411,0;410043,0;424681,0;488574,0;358291,0;379594,0;344416,0;442279,0;419366,0;399035,0;424874,0;386317,0;422447,0;394706,0;406654,0;380341,0;391804,0;430486,0;336289,0;412889,0;409810,0;491927,0;351180,0;356912,0;475817,0;389704,0;373568,0;
37000;449602,0;366847,0;409895,0;491338,0;354653,0;412547,0;512923,0;373451,0;434698,0;381348,0;451323,0;398479,0;403183,0;366963,0;425108,0;426141,0;542791,0;417956,0;527527,0;398282,0;409583,0;420368,0;402566,0;474082,0;367774,0;432413,0;536531,0;371893,0;375724,0;496151,0;389940,0;397790,0;412263,0;356057,0;507317,0;402638,0;409652,0;535825,0;399596,0;355305,0;406344,0;408129,0;382288,0;365753,0;407749,0;512229,0;405279,0;366496,0;418308,0;412394,0;
38000;423402,0;471827,0;356509,0;385773,0;428806,0;407617,0;338296,0;403813,0;470839,0;480778,0;427721,0;450420,0;438383,0;399539,0;444582,0;532198,0;423318,0;498808,0;405085,0;327349,0;355001,0;444983,0;432510,0;377562,0;452356,0;439529,0;412870,0;391909,0;454759,0;404234,0;444686,0;426821,0;527341,0;374324,0;468979,0;358926,0;389295,0;434647,0;437584,0;447013,0;404374,0;475055,0;455969,0;418537,0;432989,0;435047,0;416293,0;441008,0;411473,0;437558,0;
39000;377500,0;434492,0;442550,0;399236,0;410296,0;427428,0;412940,0;468858,0;395878,0;472161,0;396641,0;407681,0;523223,0;416879,0;453626,0;419962,0;380653,0;403869,0;463442,0;473803,0;401596,0;483199,0;413752,0;472227,0;412246,0;451995,0;410049,0;519366,0;502898,0;445576,0;432028,0;466350,0;457890,0;436373,0;435868,0;546160,0;421727,0;506211,0;378399,0;407467,0;436482,0;397857,0;376385,0;436045,0;580955,0;422929,0;350243,0;462156,0;402060,0;474390,0;
40000;432913,0;477504,0;466953,0;380785,0;433193,0;503322,0;398777,0;388795,0;333341,0;429504,0;427900,0;501292,0;468727,0;401247,0;407968,0;442980,0;474146,0;472643,0;452458,0;547736,0;421033,0;393217,0;399201,0;412004,0;427674,0;413631,0;448993,0;456368,0;518475,0;592920,0;397460,0;468433,0;453595,0;477409,0;376903,0;404510,0;418823,0;464636,0;411343,0;482501,0;427858,0;422575,0;379411,0;447899,0;480126,0;405721,0;468863,0;438666,0;461282,0;491400,0;
41000;463214,0;402340,0;450540,0;467951,0;471467,0;484424,0;401223,0;548057,0;429909,0;430060,0;393494,0;465367,0;546095,0;489488,0;485684,0;441034,0;415579,0;455559,0;435738,0;414731,0;443288,0;390418,0;454896,0;399268,0;402787,0;472510,0;486685,0;404706,0;586845,0;431779,0;526137,0;462110,0;421985,0;469650,0;416860,0;398760,0;511846,0;479839,0;422993,0;465439,0;504848,0;461370,0;451640,0;467774,0;608012,0;428494,0;438727,0;498327,0;407151,0;463217,0;
42000;482913,0;403611,0;451901,0;387121,0;480921,0;455524,0;472930,0;479835,0;469371,0;427029,0;383420,0;647546,0;558604,0;547587,0;482811,0;434280,0;391598,0;468937,0;390896,0;484950,0;462420,0;420649,0;466332,0;434778,0;422797,0;659202,0;425142,0;490022,0;439631,0;459994,0;546988,0;574074,0;472108,0;623436,0;501165,0;427220,0;435927,0;462231,0;601690,0;407902,0;477640,0;607995,0;583744,0;473158,0;394962,0;430452,0;469392,0;440765,0;459140,0;444303,0;
43000;457980,0;494410,0;452462,0;413231,0;485610,0;540437,0;497704,0;638370,0;484688,0;486983,0;475980,0;431942,0;513604,0;477755,0;481789,0;467110,0;454100,0;438580,0;568411,0;499168,0;440462,0;468226,0;470825,0;470145,0;521002,0;435165,0;590281,0;419073,0;490108,0;451700,0;456674,0;409968,0;402604,0;470275,0;417331,0;462001,0;504502,0;410998,0;454652,0;390634,0;430328,0;529621,0;460487,0;466150,0;459891,0;502849,0;480666,0;470905,0;463798,0;485526,0;
44000;574689,0;553506,0;448786,0;557701,0;569852,0;438970,0;465938,0;479855,0;494408,0;485099,0;718127,0;417147,0;489916,0;538407,0;528806,0;522268,0;496034,0;548548,0;489289,0;452055,0;521372,0;470085,0;431923,0;530798,0;615027,0;513995,0;531213,0;429357,0;489909,0;495042,0;505863,0;482361,0;475696,0;463209,0;434375,0;550676,0;601595,0;445509,0;546585,0;476490,0;491276,0;418653,0;541506,0;466983,0;504464,0;590380,0;451549,0;495512,0;460662,0;454623,0;
45000;557807,0;561587,0;435930,0;480920,0;486017,0;450902,0;441305,0;443917,0;553302,0;486778,0;502773,0;497492,0;624358,0;448609,0;462279,0;474745,0;481873,0;464940,0;514057,0;475937,0;550646,0;533689,0;615094,0;611423,0;489032,0;420045,0;463748,0;458167,0;445640,0;575793,0;609558,0;472591,0;439595,0;459796,0;536382,0;560243,0;533893,0;687458,0;552759,0;565666,0;445934,0;558537,0;496250,0;600237,0;470388,0;450172,0;578714,0;501974,0;651889,0;562552,0;
46000;543400,0;549693,0;470200,0;500785,0;459557,0;454382,0;499624,0;551173,0;638066,0;424862,0;539246,0;432725,0;624216,0;516603,0;477162,0;538910,0;505446,0;520714,0;470557,0;521686,0;560403,0;487243,0;593236,0;522790,0;471923,0;494615,0;449487,0;503441,0;487935,0;559607,0;414830,0;511622,0;437671,0;446685,0;488218,0;489773,0;490218,0;472216,0;468197,0;464545,0;446436,0;476288,0;540867,0;583039,0;642247,0;669019,0;433840,0;572246,0;509371,0;566273,0;
47000;477816,0;493926,0;543452,0;467036,0;650963,0;522183,0;538805,0;558713,0;542339,0;519512,0;590675,0;559882,0;618347,0;433687,0;501403,0;522033,0;462279,0;496646,0;555716,0;481997,0;524045,0;687921,0;508085,0;566670,0;547675,0;550709,0;562497,0;591354,0;473248,0;519538,0;489789,0;511012,0;549095,0;510032,0;502238,0;485168,0;470181,0;453065,0;467558,0;562530,0;517552,0;455731,0;579760,0;455124,0;431512,0;530241,0;481402,0;477407,0;517735,0;788708,0;
48000;539166,0;469898,0;509040,0;564542,0;673951,0;497198,0;534692,0;507185,0;622338,0;516738,0;532723,0;480278,0;531347,0;531998,0;552432,0;457699,0;547045,0;546326,0;574761,0;489161,0;541851,0;499056,0;583226,0;571214,0;544942,0;479682,0;521560,0;575676,0;531508,0;531305,0;587088,0;558552,0;601474,0;567549,0;570414,0;648757,0;543579,0;633617,0;532701,0;582683,0;692018,0;524818,0;501858,0;439285,0;501442,0;491413,0;456030,0;551883,0;530429,0;584898,0;
49000;509391,0;588939,0;526862,0;497229,0;473288,0;590106,0;507053,0;476771,0;546859,0;470842,0;550263,0;536785,0;557208,0;531863,0;542943,0;549791,0;548944,0;549466,0;581201,0;558101,0;510844,0;714825,0;485489,0;619651,0;541916,0;528326,0;536233,0;509225,0;551663,0;620830,0;506255,0;512336,0;630812,0;533825,0;530879,0;518975,0;601862,0;539082,0;534126,0;472881,0;558319,0;524943,0;648293,0;544086,0;547062,0;548427,0;499517,0;542148,0;497825,0;526915,0;
50000;506528,0;490115,0;521811,0;475701,0;565978,0;584677,0;615935,0;617028,0;493273,0;552733,0;570428,0;539802,0;582045,0;621440,0;546487,0;490120,0;524794,0;507895,0;552519,0;583952,0;579284,0;541020,0;501434,0;775545,0;537996,0;555916,0;575527,0;573459,0;561599,0;460778,0;580018,0;509109,0;647490,0;606333,0;583441,0;560184,0;527302,0;610319,0;482717,0;499607,0;606445,0;487131,0;548936,0;637354,0;637662,0;614793,0;567198,0;506952,0;511473,0;566246,0;
51000;601021,0;558742,0;689809,0;560799,0;541724,0;533311,0;503363,0;534273,0;603123,0;575609,0;559284,0;652232,0;605270,0;500052,0;541512,0;671522,0;636451,0;732776,0;575267,0;625671,0;568339,0;539119,0;644094,0;522549,0;599405,0;541430,0;598206,0;585747,0;500926,0;664288,0;558733,0;557020,0;532117,0;546870,0;606032,0;706501,0;552795,0;642765,0;478912,0;507434,0;546226,0;563479,0;582784,0;563944,0;589532,0;569263,0;518457,0;520213,0;540326,0;553016,0;
52000;581888,0;578729,0;651557,0;603110,0;638911,0;639081,0;700046,0;537869,0;520869,0;509632,0;591949,0;567360,0;588705,0;537306,0;549129,0;615623,0;628719,0;605101,0;501795,0;621452,0;563300,0;682610,0;587920,0;678742,0;552687,0;532248,0;776558,0;528594,0;636201,0;735862,0;563826,0;548807,0;555289,0;636262,0;642767,0;472932,0;521666,0;567061,0;537566,0;552837,0;570311,0;532044,0;613338,0;575054,0;495055,0;542054,0;538974,0;567447,0;629130,0;669685,0;
53000;556371,0;527493,0;614089,0;570798,0;743852,0;657809,0;577904,0;738796,0;639585,0;700376,0;857406,0;798922,0;606082,0;578678,0;652780,0;627471,0;591694,0;574629,0;691773,0;589800,0;589034,0;574310,0;641267,0;575926,0;510716,0;532305,0;640092,0;525239,0;521381,0;643437,0;547060,0;592515,0;547309,0;568612,0;616454,0;516061,0;598621,0;775784,0;575478,0;548282,0;593889,0;651555,0;548448,0;628246,0;579059,0;709975,0;614249,0;756829,0;722317,0;715801,0;
54000;830904,0;624330,0;529461,0;606340,0;550726,0;540754,0;610596,0;692986,0;639747,0;721342,0;523879,0;604832,0;578506,0;575863,0;644756,0;515778,0;588604,0;543477,0;553251,0;619177,0;703586,0;606347,0;543272,0;1095176,0;549969,0;605816,0;566039,0;636930,0;626248,0;632600,0;574476,0;843376,0;562343,0;541678,0;675321,0;682653,0;709106,0;634746,0;623676,0;497729,0;651293,0;519820,0;642266,0;529662,0;664354,0;670917,0;575639,0;510449,0;583343,0;599284,0;
55000;597140,0;569902,0;645318,0;603232,0;653247,0;580442,0;590178,0;808257,0;593691,0;692524,0;632562,0;713880,0;715065,0;598647,0;730874,0;632386,0;570685,0;550742,0;637794,0;667758,0;623643,0;596908,0;614854,0;750462,0;580275,0;629311,0;651865,0;701536,0;535521,0;613276,0;668068,0;652230,0;690911,0;648219,0;577176,0;820812,0;673676,0;652829,0;563580,0;658688,0;539423,0;759959,0;625668,0;604829,0;576705,0;580724,0;589568,0;669022,0;579214,0;708963,0;
56000;810483,0;615787,0;589805,0;637047,0;529904,0;644764,0;748621,0;682894,0;667414,0;597289,0;635847,0;742089,0;884267,0;584669,0;606560,0;589277,0;640266,0;634466,0;594770,0;753620,0;585351,0;581347,0;650337,0;623637,0;629538,0;581921,0;735115,0;575190,0;563015,0;589927,0;746120,0;583183,0;652225,0;689630,0;637094,0;705389,0;540497,0;564408,0;650966,0;633953,0;640598,0;653347,0;649382,0;605033,0;540653,0;612568,0;509644,0;709832,0;791067,0;608729,0;
57000;690400,0;635498,0;634846,0;605002,0;659044,0;692466,0;688527,0;633304,0;653698,0;541824,0;636809,0;714683,0;797042,0;778962,0;804781,0;599469,0;623548,0;594911,0;577398,0;616394,0;597220,0;622532,0;596865,0;584524,0;714240,0;616924,0;611977,0;662473,0;727397,0;645240,0;647823,0;674849,0;562390,0;651621,0;610002,0;629758,0;650689,0;604026,0;565434,0;612034,0;621364,0;605988,0;641204,0;723635,0;712145,0;698831,0;672105,0;635486,0;716704,0;721590,0;
58000;583913,0;584555,0;621233,0;664575,0;664421,0;618411,0;556268,0;639661,0;645578,0;654645,0;579647,0;675874,0;597003,0;735071,0;631046,0;589921,0;607466,0;620857,0;552962,0;845799,0;676143,0;693920,0;728688,0;616941,0;820271,0;894456,0;696415,0;627650,0;653267,0;642254,0;578534,0;648666,0;561225,0;652518,0;680292,0;701161,0;628213,0;615967,0;672122,0;625600,0;607575,0;680725,0;632451,0;655837,0;827446,0;632208,0;573553,0;605227,0;933842,0;712278,0;
59000;706463,0;587509,0;645258,0;583555,0;827232,0;660881,0;741742,0;674898,0;674267,0;756772,0;629697,0;660634,0;666529,0;699783,0;628867,0;962511,0;704639,0;643216,0;696993,0;577676,0;754099,0;604704,0;732351,0;626136,0;656294,0;728469,0;535646,0;619293,0;582538,0;603213,0;593765,0;640473,0;676395,0;645993,0;645329,0;591343,0;770434,0;611725,0;705045,0;657938,0;663148,0;646812,0;624304,0;701387,0;718691,0;590193,0;764575,0;598483,0;577813,0;769024,0;
60000;655811,0;675976,0;661547,0;668054,0;695729,0;642978,0;569708,0;733528,0;676552,0;642545,0;690358,0;705069,0;697140,0;829782,0;840668,0;650474,0;605869,0;697861,0;649324,0;684905,0;822340,0;663703,0;621494,0;693145,0;593527,0;691369,0;654106,0;604915,0;770196,0;767173,0;711641,0;585976,0;726479,0;845311,0;820985,0;783989,0;706898,0;678551,0;666834,0;602813,0;705491,0;618244,0;723258,0;607337,0;672619,0;672539,0;688742,0;818014,0;636148,0;593489,0;
61000;689703,0;636894,0;661870,0;699113,0;735918,0;679748,0;698360,0;752201,0;667048,0;679084,0;796128,0;682038,0;706311,0;637827,0;721762,0;684962,0;622401,0;670148,0;602612,0;750705,0;723183,0;683350,0;614559,0;663877,0;694964,0;707771,0;802682,0;676324,0;698356,0;622999,0;751226,0;680791,0;740462,0;750241,0;655467,0;712540,0;678627,0;680700,0;645600,0;834074,0;732571,0;663444,0;591567,0;775676,0;878319,0;765218,0;672476,0;724156,0;698512,0;791991,0;
62000;834782,0;671725,0;644588,0;685020,0;697534,0;745868,0;777949,0;788246,0;660272,0;863524,0;675087,0;785631,0;768553,0;732129,0;807699,0;635787,0;750422,0;827398,0;679985,0;652709,0;647460,0;659192,0;684141,0;712458,0;659677,0;667531,0;847494,0;723543,0;612745,0;561083,0;677457,0;695759,0;877450,0;771270,0;728804,0;712136,0;615196,0;717443,0;884201,0;791740,0;722293,0;677480,0;693434,0;837576,0;585874,0;648953,0;668927,0;725407,0;803660,0;778975,0;
63000;614695,0;660824,0;704269,0;799946,0;611389,0;841527,0;732799,0;865047,0;589630,0;603491,0;772894,0;713321,0;709331,0;756365,0;787798,0;881032,0;761160,0;628038,0;689323,0;1081042,0;874230,0;756985,0;695221,0;944409,0;609765,0;1018150,0;880776,0;622000,0;636874,0;800229,0;745780,0;735085,0;729089,0;732155,0;724762,0;613062,0;752712,0;649263,0;639316,0;692969,0;611067,0;714924,0;989756,0;810125,0;707269,0;652854,0;963382,0;821440,0;659115,0;1195407,0;
64000;959923,0;705098,0;752976,0;775214,0;709748,0;877149,0;708464,0;670838,0;761982,0;717325,0;859577,0;782864,0;721739,0;676718,0;890064,0;780614,0;778283,0;956600,0;849142,0;724410,0;785916,0;634092,0;745180,0;730113,0;739886,0;795614,0;668299,0;766247,0;975630,0;751442,0;1049928,0;667326,0;652300,0;764012,0;732745,0;704693,0;645953,0;745341,0;738861,0;721261,0;730232,0;682383,0;706153,0;778392,0;899683,0;764236,0;759126,0;787890,0;720776,0;643417,0;
65000;685590,0;723698,0;699743,0;637563,0;662670,0;689141,0;736543,0;833030,0;681947,0;750543,0;666852,0;767414,0;767224,0;733076,0;828431,0;755209,0;742495,0;830700,0;640206,0;861460,0;745121,0;679190,0;646510,0;694709,0;659920,0;827849,0;831002,0;728181,0;798311,0;696359,0;662746,0;875083,0;694540,0;945157,0;702286,0;694272,0;683228,0;681689,0;677605,0;684135,0;863623,0;697807,0;815348,0;720074,0;820223,0;720296,0;701772,0;595736,0;644507,0;716590,0;
66000;965473,0;715589,0;715994,0;712418,0;685998,0;620664,0;700867,0;841242,0;753403,0;769764,0;635346,0;782846,0;642750,0;735360,0;636000,0;791181,0;724514,0;891612,0;824467,0;781618,0;886448,0;684580,0;842747,0;761419,0;727896,0;887837,0;896546,0;778837,0;964539,0;757658,0;703767,0;688439,0;748456,0;769277,0;731082,0;680354,0;958613,0;810351,0;748324,0;821049,0;782780,0;791165,0;860331,0;777303,0;768641,0;757561,0;720170,0;709012,0;780147,0;723920,0;
67000;814115,0;712905,0;795176,0;790449,0;707200,0;764110,0;713534,0;734120,0;766477,0;833598,0;686468,0;784783,0;968741,0;656424,0;756158,0;697584,0;715621,0;816128,0;684073,0;761176,0;1054729,0;756610,0;843454,0;882307,0;711322,0;848804,0;769587,0;766406,0;752476,0;997037,0;813474,0;722911,0;687349,0;810539,0;776777,0;824854,0;843989,0;728983,0;854220,0;729414,0;720382,0;807082,0;693069,0;749183,0;838473,0;828236,0;762389,0;737333,0;700186,0;856006,0;
68000;880044,0;779042,0;905485,0;755625,0;1167816,0;862572,0;793185,0;751681,0;696772,0;670708,0;732730,0;776238,0;836671,0;827430,0;735058,0;716176,0;857962,0;923784,0;734597,0;749689,0;763411,0;890015,0;744614,0;870280,0;806576,0;815732,0;780736,0;725036,0;745828,0;849647,0;773887,0;679334,0;777594,0;838852,0;740793,0;828310,0;701664,0;772604,0;758167,0;850606,0;781137,0;765483,0;736468,0;709983,0;761226,0;662118,0;789840,0;969177,0;729967,0;853756,0;
69000;874011,0;830809,0;909668,0;721455,0;752735,0;822484,0;787151,0;821998,0;875801,0;730254,0;746656,0;718020,0;789564,0;902747,0;806722,0;952243,0;747315,0;858101,0;841746,0;836172,0;835179,0;941856,0;808907,0;783792,0;875573,0;856936,0;700700,0;770638,0;1001063,0;814873,0;783111,0;903894,0;1044797,0;661015,0;875445,0;765092,0;755823,0;858680,0;886751,0;925623,0;708184,0;732837,0;772859,0;969118,0;641725,0;788043,0;884422,0;808840,0;930714,0;872287,0;
70000;751537,0;659857,0;784809,0;807414,0;855551,0;793776,0;787559,0;788141,0;781478,0;701950,0;752643,0;745624,0;849550,0;891101,0;1127441,0;900634,0;788585,0;1028690,0;766472,0;786214,0;798632,0;781561,0;895158,0;909193,0;830458,0;729786,0;803916,0;794509,0;967738,0;822535,0;887369,0;904869,0;847103,0;811796,0;704233,0;939810,0;824886,0;806581,0;818301,0;709637,0;745668,0;843318,0;964830,0;754010,0;721576,0;788319,0;813068,0;851074,0;701952,0;707157,0;
71000;845505,0;843720,0;786469,0;962826,0;930865,0;836526,0;764491,0;1007078,0;927853,0;868233,0;765668,0;751804,0;841132,0;846439,0;857907,0;1117813,0;902247,0;837153,0;856822,0;968520,0;868411,0;885020,0;1054129,0;700252,0;727469,0;727375,0;817398,0;790369,0;807493,0;767737,0;756719,0;746248,0;794822,0;884085,0;833385,0;871445,0;1118779,0;896506,0;724683,0;673463,0;949731,0;754386,0;812352,0;1069420,0;1006948,0;775065,0;852459,0;924363,0;811778,0;859464,0;
72000;820057,0;771752,0;957847,0;852626,0;821553,0;828019,0;738813,0;854471,0;787780,0;913995,0;705706,0;816885,0;862797,0;753089,0;754696,0;1040862,0;1187356,0;786064,0;721824,0;736971,0;961864,0;951304,0;796192,0;770854,0;826723,0;981084,0;818983,0;772217,0;914969,0;744454,0;764334,0;1027001,0;785967,0;778939,0;874273,0;802127,0;783214,0;820499,0;889469,0;776460,0;797585,0;819269,0;883733,0;896251,0;998861,0;804919,0;793558,0;774254,0;852910,0;779144,0;
73000;867375,0;909430,0;855784,0;825701,0;919898,0;914887,0;833050,0;988690,0;839525,0;759807,0;811672,0;871720,0;733364,0;809490,0;803051,0;772888,0;745923,0;971175,0;828676,0;859420,0;896861,0;926587,0;822161,0;809560,0;816739,0;850691,0;841957,0;1070895,0;830764,0;853829,0;850753,0;999157,0;810873,0;816973,0;858405,0;913842,0;876643,0;1020307,0;950105,0;843141,0;1028511,0;812545,0;750442,0;759675,0;945061,0;829001,0;764218,0;786584,0;817091,0;834227,0;
74000;801638,0;986308,0;821263,0;794260,0;729542,0;984759,0;799352,0;768405,0;948033,0;812673,0;863898,0;846906,0;830847,0;945981,0;903782,0;790207,0;914405,0;911262,0;731969,0;861521,0;768758,0;910022,0;822048,0;776971,0;955457,0;825866,0;887693,0;885328,0;808297,0;726829,0;905928,0;736644,0;918364,0;815620,0;806630,0;835607,0;1004057,0;933421,0;899358,0;928539,0;916063,0;874750,0;812318,0;811451,0;884836,0;735993,0;905942,0;834170,0;871415,0;1059280,0;
75000;874659,0;927773,0;859182,0;1001809,0;958731,0;810544,0;854903,0;854483,0;877761,0;875361,0;880313,0;866682,0;768948,0;947685,0;731082,0;946171,0;796136,0;965320,0;894924,0;866754,0;875272,0;961510,0;892135,0;780067,0;867953,0;850865,0;1098830,0;1043748,0;810140,0;789919,0;987804,0;831858,0;1076203,0;881536,0;886366,0;863797,0;836409,0;938769,0;781862,0;880573,0;956061,0;868551,0;799903,0;1102060,0;941376,0;750506,0;1035503,0;772745,0;758028,0;981438,0;
76000;749715,0;982030,0;779001,0;873028,0;981949,0;957050,0;905678,0;795370,0;927846,0;1024447,0;969787,0;830269,0;890147,0;1090708,0;721406,0;813194,0;929211,0;842839,0;885210,0;818566,0;795788,0;815904,0;851979,0;800892,0;1269249,0;976742,0;868097,0;787402,0;939242,0;770188,0;867036,0;907726,0;840623,0;866610,0;866361,0;957561,0;833813,0;885242,0;969718,0;977920,0;860928,0;846755,0;798500,0;871330,0;861632,0;1008312,0;756920,0;935483,0;942585,0;1018567,0;
77000;962577,0;870948,0;866747,0;923483,0;943756,0;891403,0;821873,0;930569,0;820665,0;1126041,0;1108891,0;1044917,0;994697,0;1014551,0;924394,0;1042854,0;878836,0;928811,0;972359,0;870678,0;835921,0;945626,0;781591,0;1169636,0;889667,0;916379,0;932897,0;858122,0;931621,0;888386,0;954816,0;1122416,0;954997,0;914704,0;864327,0;1011760,0;974932,0;1043830,0;788490,0;983466,0;754533,0;964659,0;808346,0;971649,0;941309,0;851985,0;836401,0;884673,0;944284,0;926661,0;
78000;975335,0;1029825,0;935814,0;839268,0;944218,0;921341,0;818653,0;1037139,0;1034796,0;764573,0;837726,0;1150640,0;972310,0;1072852,0;788888,0;850642,0;931082,0;958656,0;978914,0;865283,0;853236,0;848416,0;852629,0;965265,0;872816,0;779846,0;962477,0;773581,0;1001891,0;964575,0;920417,0;914572,0;947588,0;962136,0;853068,0;803907,0;832132,0;901556,0;924120,0;818193,0;970685,0;882057,0;908750,0;879894,0;842096,0;1051962,0;937303,0;860587,0;971296,0;919008,0;
79000;1168421,0;865263,0;1103840,0;857847,0;989845,0;803095,0;926149,0;826779,0;944536,0;812034,0;880254,0;1004140,0;915566,0;867153,0;997213,0;948865,0;1128063,0;908402,0;893274,0;884365,0;1033099,0;863022,0;1019245,0;893170,0;1153099,0;1037741,0;843378,0;1126814,0;834459,0;927714,0;807085,0;973499,0;811371,0;931321,0;935177,0;844942,0;858960,0;840929,0;847065,0;1215099,0;855037,0;1034850,0;828251,0;970867,0;756744,0;969509,0;1006978,0;1121803,0;769927,0;878152,0;
80000;1064148,0;1180406,0;1032684,0;871013,0;926202,0;896888,0;864454,0;861730,0;1030195,0;1036893,0;807381,0;1077925,0;803448,0;851695,0;1124230,0;963743,0;818666,0;768518,0;961972,0;827405,0;929912,0;875953,0;970894,0;956239,0;1212517,0;952607,0;887553,0;1120475,0;895876,0;990804,0;860620,0;836994,0;942600,0;896986,0;923274,0;1314450,0;772384,0;902480,0;981262,0;857404,0;832514,0;939279,0;1059789,0;848583,0;936515,0;865031,0;1003987,0;1077806,0;1147688,0;1100295,0;
81000;999683,0;868372,0;977361,0;904777,0;995358,0;999229,0;1260910,0;1027941,0;917459,0;816815,0;995100,0;927392,0;915108,0;962392,0;855478,0;1013156,0;867063,0;796407,0;936941,0;914992,0;1025520,0;913738,0;1330445,0;882931,0;927007,0;1054687,0;966147,0;830225,0;980002,0;900196,0;883692,0;1010669,0;1319350,0;1022963,0;1000002,0;835406,0;1004258,0;989295,0;977168,0;883904,0;862104,0;918714,0;890806,0;1108415,0;875264,0;1030364,0;1060946,0;927475,0;1065970,0;1120059,0;
82000;938437,0;1013520,0;844887,0;1203959,0;860042,0;1051758,0;1170280,0;892780,0;971124,0;932779,0;868253,0;1607775,0;851948,0;1023977,0;845058,0;871875,0;1142177,0;946681,0;889855,0;856225,0;901495,0;847946,0;941200,0;1092363,0;927613,0;1064026,0;896348,0;988563,0;1114788,0;1101125,0;968060,0;917593,0;1043688,0;953902,0;880856,0;806618,0;1017517,0;983202,0;1103423,0;862641,0;909315,0;952109,0;934801,0;1243834,0;948848,0;1046214,0;889065,0;871502,0;912587,0;1034586,0;
83000;993197,0;860755,0;860917,0;967307,0;1000284,0;941821,0;981857,0;1019107,0;1009006,0;1076572,0;1128510,0;989861,0;972181,0;901121,0;981047,0;1010201,0;1027248,0;1193021,0;876062,0;939944,0;1122577,0;907419,0;1138097,0;1299890,0;1138181,0;961398,0;1067318,0;1011813,0;1033130,0;949122,0;996130,0;1054881,0;1100019,0;949953,0;935690,0;949426,0;1040840,0;907688,0;1148885,0;1086866,0;1003405,0;899206,0;930956,0;1066661,0;997634,0;1044938,0;1090890,0;950737,0;1266843,0;900520,0;
84000;868181,0;1041037,0;983597,0;957072,0;1008974,0;1146623,0;1122786,0;946629,0;944745,0;992036,0;1017654,0;947725,0;876231,0;897872,0;918254,0;1244338,0;1165832,0;1206245,0;952621,0;1119293,0;880562,0;1001522,0;1001670,0;1148954,0;997974,0;878701,0;1009690,0;921818,0;916915,0;1108651,0;1215509,0;983708,0;958190,0;928522,0;1154063,0;944594,0;1027052,0;826898,0;1028813,0;1095342,0;1068259,0;1163951,0;1115215,0;1018195,0;968934,0;1164787,0;937500,0;1267566,0;875322,0;997572,0;
85000;1120220,0;822734,0;905491,0;959589,0;1027873,0;981893,0;971566,0;985663,0;947349,0;999036,0;1039902,0;1154481,0;973909,0;1001956,0;978296,0;1255015,0;958402,0;925567,0;885801,0;1027746,0;1064230,0;949246,0;1359063,0;932968,0;1167624,0;1060316,0;959239,0;907833,0;979852,0;960660,0;958680,0;979069,0;959065,0;914047,0;929869,0;962428,0;978378,0;905489,0;1248610,0;1009845,0;949036,0;1012552,0;1227534,0;977208,0;1236851,0;941642,0;1321316,0;885816,0;1029418,0;1098938,0;
86000;1071931,0;988423,0;1039222,0;935224,0;942100,0;1034046,0;1240222,0;1048002,0;916709,0;932908,0;1146479,0;1118092,0;1273943,0;893401,0;961878,0;1025115,0;1057911,0;896876,0;1135719,0;974260,0;947975,0;1002329,0;1028595,0;930166,0;1132153,0;990055,0;1116816,0;882284,0;1068283,0;1081541,0;991731,0;1260425,0;1039583,0;1042884,0;902972,0;1198215,0;1009484,0;1009620,0;1315695,0;1049623,0;1037068,0;915371,0;1018463,0;958750,0;1048196,0;1084641,0;889114,0;1022296,0;974154,0;1082538,0;
87000;933921,0;1002152,0;991921,0;1318349,0;971677,0;1044301,0;1166889,0;1061475,0;887767,0;901643,0;1353672,0;1057340,0;1047816,0;942901,0;1056553,0;1048150,0;1080563,0;1015011,0;1042901,0;892783,0;998814,0;1214342,0;1047089,0;1018914,0;1277270,0;886988,0;1053836,0;942310,0;963038,0;1121892,0;885856,0;906994,0;1062205,0;880569,0;835273,0;921215,0;1140453,0;1032403,0;1085570,0;997870,0;960174,0;898487,0;1182012,0;1048610,0;945808,0;1043454,0;1164479,0;1091743,0;1387645,0;1439101,0;
88000;1043533,0;1045531,0;943565,0;1038497,0;1131041,0;1075614,0;1268916,0;1004806,0;990716,0;1109431,0;1123885,0;941608,0;1161117,0;1030737,0;1086302,0;944122,0;972082,0;1186923,0;1121457,0;926962,0;913964,0;1013775,0;1232310,0;1501936,0;997982,0;943681,0;1033596,0;945193,0;902507,0;1036750,0;1152972,0;1178419,0;961516,0;1052170,0;1455684,0;1020057,0;1053195,0;1031084,0;924485,0;1055747,0;1013131,0;926266,0;969039,0;1077403,0;1511152,0;989394,0;1011341,0;1340338,0;1039268,0;1139247,0;
89000;1013483,0;1188600,0;1249711,0;1047786,0;1134625,0;1080122,0;985406,0;1040388,0;1044978,0;912835,0;1003657,0;1125639,0;1149474,0;1201219,0;1181569,0;1035197,0;974265,0;996434,0;1095992,0;1001963,0;1049458,0;1125865,0;1110585,0;1069856,0;1002721,0;1004873,0;1080087,0;1176021,0;1163015,0;1002762,0;910001,0;979567,0;1077338,0;1064148,0;1092801,0;984249,0;973966,0;1040703,0;1160069,0;1081602,0;1075362,0;1151765,0;1060562,0;1027537,0;973175,0;1159769,0;1126154,0;1218646,0;1114104,0;1186656,0;
90000;1106819,0;1014498,0;953198,0;1066860,0;1133245,0;924594,0;1185347,0;1283336,0;1491636,0;1059783,0;1207175,0;1005674,0;1256729,0;1070311,0;1122939,0;1324275,0;1197354,0;972699,0;1144121,0;1165691,0;1251226,0;1193847,0;1062412,0;1045228,0;1036579,0;980421,0;1318591,0;1059062,0;1036047,0;1010296,0;1127361,0;1238514,0;1139779,0;1162180,0;976633,0;1075191,0;1053857,0;953030,0;1019551,0;985838,0;1028746,0;1102511,0;908729,0;1158007,0;1115073,0;1244335,0;1317924,0;1125553,0;1111126,0;935410,0;
91000;1306294,0;993549,0;1142081,0;1264225,0;1355394,0;1097093,0;1080803,0;1645791,0;1141032,0;1000245,0;1306560,0;1034518,0;982113,0;1116176,0;1114910,0;1050871,0;1173262,0;1089734,0;1117401,0;1021733,0;1191249,0;1139595,0;1225600,0;1025777,0;1187550,0;1177867,0;1131043,0;1041068,0;1146425,0;1191632,0;945161,0;1070789,0;988504,0;970726,0;1017403,0;1241217,0;1188496,0;1094648,0;1199781,0;1094548,0;1137757,0;1031797,0;1183623,0;1485198,0;997841,0;1074424,0;1120716,0;997777,0;1266283,0;1170920,0;
92000;1272708,0;1176476,0;1196878,0;1187708,0;1136964,0;1251941,0;1060578,0;1006141,0;988071,0;1039401,0;1241271,0;1055378,0;1391833,0;1021145,0;997781,0;1260641,0;1076724,0;1084480,0;1042379,0;1060794,0;951001,0;976120,0;1171666,0;1015380,0;1087443,0;1139775,0;1419484,0;1055829,0;1124523,0;1014907,0;1090367,0;1109985,0;1071395,0;1138645,0;1043275,0;1064269,0;1062914,0;1004081,0;1237609,0;1045265,0;1165933,0;1143826,0;1169067,0;1135941,0;963209,0;1013877,0;1043704,0;931098,0;1016771,0;1012959,0;
93000;1225485,0;903272,0;1134148,0;1078989,0;1102930,0;1406289,0;1063560,0;1037726,0;991533,0;1093446,0;1263604,0;1062419,0;1129139,0;995367,0;1074246,0;1072644,0;1195579,0;1053630,0;1099770,0;1010644,0;1112655,0;1062448,0;1156758,0;1097128,0;1106358,0;1007827,0;1130469,0;1313219,0;1548248,0;1096632,0;1315620,0;1027861,0;1053110,0;940685,0;1256338,0;1098188,0;1112507,0;1395428,0;945597,0;944543,0;1401673,0;1135300,0;1059591,0;957705,0;1456858,0;1204465,0;1035713,0;1186011,0;1163178,0;1203203,0;
94000;1031448,0;1091546,0;1115026,0;1001380,0;1089162,0;1105718,0;1131343,0;1215142,0;1043070,0;982235,0;1055487,0;1079158,0;1143866,0;1229177,0;1040417,0;1086734,0;1110487,0;1302981,0;1538120,0;1223207,0;1205793,0;971447,0;1150027,0;1115968,0;1332727,0;1433418,0;1095160,0;1265090,0;1264001,0;1264357,0;971614,0;1182080,0;1020199,0;1046221,0;1129500,0;1054708,0;1213329,0;1067347,0;1195922,0;1235488,0;938891,0;1081195,0;1043298,0;1146218,0;1030756,0;1005911,0;1103777,0;1503173,0;1240682,0;1004364,0;
95000;1359278,0;1374396,0;1157981,0;1203384,0;995715,0;1133360,0;1252897,0;1338706,0;979058,0;1213930,0;1075906,0;1008492,0;962578,0;1168649,0;1041357,0;1448047,0;1225377,0;1170998,0;980656,0;1222014,0;1105826,0;1141264,0;1023732,0;1249495,0;1195931,0;1232223,0;1396601,0;1049460,0;1165568,0;996541,0;1407784,0;1206312,0;1359830,0;1188344,0;1084892,0;1357294,0;1251914,0;1051575,0;1141826,0;1118697,0;1236971,0;1174656,0;1312344,0;1038993,0;1310927,0;1076805,0;1107808,0;1236011,0;1153233,0;987547,0;
96000;1097650,0;1262859,0;1129447,0;1295392,0;1074372,0;1015592,0;1208675,0;1023784,0;1410483,0;1105797,0;1093126,0;1081552,0;1020156,0;1098338,0;1313970,0;1100588,0;1064190,0;1161756,0;1138524,0;1029110,0;1085078,0;1093747,0;1434770,0;986883,0;1092684,0;1200941,0;1192012,0;1087758,0;1375048,0;1041527,0;1206828,0;1048949,0;1191014,0;1221914,0;1458444,0;1041384,0;1488103,0;1132838,0;1218156,0;974358,0;1086770,0;963151,0;1153944,0;1264250,0;1305017,0;1076498,0;1173767,0;1349104,0;1107930,0;1033552,0;
97000;1189200,0;1188153,0;1138427,0;1202631,0;1192015,0;1071576,0;1013054,0;1301512,0;1220244,0;1107573,0;1187007,0;1117505,0;1115821,0;1004117,0;1101801,0;1016331,0;1452158,0;1094794,0;1333961,0;1121589,0;1373715,0;1032916,0;1228442,0;1087623,0;1078377,0;1193431,0;1145648,0;1190956,0;1079895,0;1214968,0;1228997,0;1125382,0;1177937,0;1152007,0;1110696,0;1153792,0;1204266,0;1067649,0;1026841,0;1112046,0;1198730,0;1286941,0;1107773,0;982186,0;1349141,0;1091160,0;1122188,0;1086853,0;1248280,0;1211715,0;
98000;1223072,0;1166680,0;1198281,0;1153163,0;1219033,0;1059506,0;1033596,0;1281252,0;1178016,0;1202152,0;1267104,0;1168844,0;1217721,0;1090422,0;1172455,0;1109631,0;1099816,0;1123037,0;1096214,0;1366268,0;1163895,0;1146336,0;1090373,0;1102434,0;1064297,0;1131269,0;1106025,0;1156474,0;1452657,0;1255494,0;1155696,0;1013272,0;1346304,0;1020981,0;1311084,0;1065346,0;953542,0;1218744,0;1198531,0;1431808,0;1334538,0;1127549,0;1081924,0;1126596,0;1564140,0;1117520,0;1312727,0;1094964,0;1261519,0;1124249,0;
99000;1184123,0;1141742,0;1114801,0;1062676,0;1555988,0;1369226,0;1190189,0;1124307,0;1059484,0;1118826,0;1125404,0;1287066,0;1088465,0;1158188,0;1020966,0;1138963,0;1243816,0;1210641,0;1198216,0;1163181,0;1057616,0;1373091,0;1332967,0;1129898,0;1161284,0;1103485,0;1270707,0;1328864,0;1162033,0;1291174,0;1349911,0;1154065,0;1243441,0;1291985,0;1218479,0;1197463,0;1171563,0;1126517,0;1115191,0;1058547,0;1278342,0;1117648,0;1193631,0;1081309,0;1139695,0;1105962,0;1203053,0;1182559,0;1070118,0;1385571,0;
100000;1128690,0;1238848,0;1176291,0;1733201,0;1240641,0;1172563,0;1192120,0;1238290,0;1156794,0;1120022,0;1115862,0;1094447,0;1165016,0;1513819,0;1417200,0;1294256,0;1201760,0;1235247,0;1138143,0;1018567,0;1090013,0;1342411,0;1243447,0;1185207,0;1147996,0;1250425,0;1073882,0;1241313,0;1114426,0;1486244,0;1446642,0;1086286,0;1270124,0;1269557,0;1129817,0;1398362,0;1344255,0;1689352,0;1064521,0;1150499,0;1218253,0;1188227,0;1038048,0;1226197,0;1165093,0;1254586,0;1109371,0;1247717,0;1361332,0;1485301,0;
