1000;10329.0;9073.0;11691.0;8725.0;10152.0;8528.0;11160.0;9291.0;8121.0;8586.0;9524.0;9229.0;9014.0;9932.0;10412.0;8665.0;10422.0;9618.0;7999.0;8109.0;8896.0;9530.0;10345.0;10195.0;9524.0;8622.0;9118.0;11738.0;7896.0;9153.0;8949.0;9215.0;9930.0;9453.0;10035.0;8770.0;9796.0;11692.0;11907.0;9250.0;10888.0;10355.0;7622.0;13150.0;9380.0;11632.0;11324.0;9921.0;8247.0;10802.0;
2000;20741.0;23204.0;24352.0;22306.0;22207.0;23725.0;24381.0;21892.0;23146.0;20757.0;22039.0;27842.0;23769.0;20552.0;17892.0;21604.0;20740.0;24269.0;23968.0;19011.0;21364.0;26002.0;19963.0;26170.0;21896.0;22211.0;23304.0;20088.0;20554.0;18740.0;21513.0;23231.0;23043.0;22169.0;18643.0;18350.0;18445.0;19115.0;19624.0;19535.0;29468.0;16819.0;20249.0;23539.0;19834.0;20401.0;22605.0;20863.0;19229.0;19295.0;
3000;33739.0;38509.0;36618.0;34128.0;27897.0;36258.0;35467.0;31514.0;28303.0;37348.0;39655.0;31111.0;33062.0;27267.0;30802.0;31591.0;45467.0;28131.0;44675.0;34347.0;35756.0;33378.0;55095.0;30522.0;33844.0;34258.0;41122.0;31499.0;32196.0;33141.0;38487.0;29992.0;32128.0;38519.0;36969.0;36966.0;34411.0;31209.0;29291.0;28610.0;29695.0;33205.0;34936.0;28874.0;37622.0;31518.0;34098.0;33636.0;28159.0;32034.0;
4000;38221.0;41963.0;56473.0;45452.0;40343.0;40299.0;46404.0;43161.0;46758.0;47636.0;40514.0;57556.0;41126.0;47051.0;52358.0;51080.0;47113.0;56763.0;40227.0;45341.0;43920.0;37740.0;56957.0;42615.0;46485.0;44376.0;40599.0;38057.0;59185.0;44877.0;46956.0;43347.0;37879.0;49797.0;51165.0;39771.0;51514.0;53776.0;44783.0;43516.0;42137.0;45176.0;40804.0;44198.0;48977.0;40892.0;41846.0;42796.0;41101.0;45759.0;
5000;67522.0;54348.0;61129.0;75205.0;53611.0;61179.0;53799.0;61920.0;50251.0;57019.0;57665.0;55960.0;55246.0;58560.0;52463.0;44409.0;60892.0;65497.0;59179.0;54267.0;73441.0;65602.0;58340.0;59003.0;51645.0;65489.0;56069.0;64406.0;52909.0;62428.0;47271.0;63718.0;53759.0;56059.0;60696.0;59218.0;56949.0;53902.0;53388.0;66354.0;48544.0;54267.0;55612.0;62032.0;59233.0;53070.0;56925.0;53938.0;53409.0;60786.0;
6000;63548.0;68547.0;77718.0;73555.0;60904.0;63908.0;65904.0;73124.0;81594.0;72974.0;68052.0;68982.0;74297.0;68609.0;64378.0;70658.0;70803.0;72300.0;70192.0;66366.0;70227.0;68439.0;69255.0;60184.0;73487.0;69293.0;63156.0;72902.0;69205.0;64493.0;68993.0;77357.0;69402.0;66973.0;90828.0;71418.0;62755.0;59693.0;85299.0;69127.0;78197.0;71363.0;70718.0;74806.0;89477.0;75754.0;61095.0;84059.0;70625.0;63743.0;
7000;82643.0;82948.0;81943.0;75002.0;91764.0;91530.0;73272.0;75179.0;75768.0;79792.0;99819.0;77445.0;81684.0;93042.0;81996.0;74708.0;98070.0;76653.0;101068.0;89129.0;81430.0;79338.0;81197.0;89591.0;87978.0;87567.0;76858.0;83280.0;81167.0;80417.0;91245.0;83766.0;82961.0;74426.0;95837.0;80242.0;83064.0;86404.0;85238.0;71892.0;79679.0;79277.0;81449.0;95608.0;90247.0;81996.0;89519.0;96198.0;90821.0;77278.0;
8000;91819.0;150217.0;98620.0;116358.0;95278.0;88313.0;86107.0;90396.0;153898.0;98655.0;96484.0;112378.0;93172.0;76560.0;95875.0;88855.0;97526.0;78761.0;87355.0;97808.0;95285.0;87291.0;109732.0;100183.0;83415.0;92853.0;89344.0;88563.0;108808.0;110761.0;110499.0;105156.0;93536.0;90363.0;101592.0;81122.0;96089.0;98011.0;124331.0;100679.0;108775.0;82267.0;89004.0;106305.0;105671.0;83679.0;100457.0;86034.0;97482.0;94958.0;
9000;106088.0;120069.0;113305.0;113745.0;119851.0;97726.0;106621.0;95632.0;104307.0;111418.0;116256.0;115033.0;106682.0;122403.0;104671.0;122337.0;99277.0;108918.0;108311.0;101925.0;116912.0;101714.0;108435.0;116449.0;118858.0;102014.0;119444.0;99741.0;109460.0;110673.0;121372.0;113167.0;119885.0;102265.0;100231.0;104627.0;93515.0;100234.0;117645.0;109650.0;103261.0;96418.0;102944.0;127494.0;107026.0;106427.0;104848.0;140718.0;93957.0;126141.0;
10000;117495.0;126727.0;137083.0;99976.0;115037.0;122721.0;120906.0;118628.0;104413.0;109074.0;125586.0;124454.0;115425.0;121593.0;113863.0;131246.0;124188.0;102915.0;146893.0;135801.0;120116.0;118068.0;138852.0;114937.0;132576.0;119428.0;116795.0;125396.0;113694.0;116946.0;118328.0;126787.0;124382.0;129249.0;109146.0;164856.0;116404.0;118969.0;112243.0;135795.0;122990.0;133812.0;107346.0;135941.0;117081.0;118589.0;103971.0;124370.0;119678.0;112428.0;
11000;139491.0;132954.0;134018.0;145082.0;152821.0;168474.0;131659.0;121276.0;160045.0;137041.0;160348.0;145713.0;149028.0;131851.0;131752.0;147986.0;115478.0;118571.0;142739.0;138596.0;129361.0;128536.0;118116.0;146742.0;151932.0;141339.0;144120.0;130633.0;141061.0;185763.0;132335.0;158072.0;139917.0;128135.0;144435.0;128741.0;126902.0;147747.0;123103.0;174870.0;118794.0;157989.0;178527.0;130875.0;118607.0;150777.0;147385.0;126823.0;123350.0;123573.0;
12000;160732.0;135370.0;174698.0;157847.0;133816.0;138317.0;177876.0;159063.0;139132.0;128798.0;134742.0;149001.0;152591.0;149260.0;141010.0;135685.0;144120.0;120244.0;155167.0;159707.0;164994.0;146892.0;186196.0;144584.0;137055.0;127193.0;152039.0;170063.0;142955.0;155341.0;163262.0;154417.0;183047.0;191300.0;145417.0;163819.0;131744.0;153788.0;152801.0;146691.0;134295.0;129195.0;155621.0;165668.0;161176.0;165107.0;157953.0;139910.0;149296.0;140311.0;
13000;144030.0;138530.0;133448.0;154238.0;163333.0;189248.0;148697.0;165518.0;151312.0;159672.0;162028.0;129971.0;217551.0;163197.0;167310.0;167322.0;185986.0;151367.0;170382.0;183948.0;163314.0;151852.0;147025.0;156329.0;154103.0;169982.0;174216.0;166059.0;158068.0;170081.0;174541.0;156107.0;165406.0;160877.0;177242.0;172215.0;162875.0;141587.0;145802.0;159813.0;165269.0;169154.0;159605.0;190513.0;169013.0;213030.0;167075.0;182261.0;188481.0;159470.0;
14000;171283.0;257757.0;153881.0;184517.0;174289.0;148058.0;155525.0;165245.0;215072.0;169231.0;150447.0;214417.0;189399.0;159587.0;199513.0;153572.0;178362.0;167131.0;170804.0;154279.0;169051.0;182293.0;148537.0;191566.0;189703.0;179961.0;160571.0;176448.0;151486.0;234446.0;142390.0;151610.0;169056.0;167312.0;148254.0;158117.0;171671.0;179271.0;185737.0;242859.0;162330.0;156985.0;157247.0;198290.0;163007.0;192990.0;192604.0;182953.0;175678.0;179323.0;
15000;238339.0;178801.0;166749.0;187327.0;207908.0;203984.0;162504.0;190373.0;190115.0;179578.0;181745.0;171694.0;178221.0;189229.0;253321.0;179691.0;197283.0;196460.0;172592.0;194330.0;231443.0;172241.0;187674.0;208911.0;187013.0;191682.0;201988.0;183829.0;164604.0;207228.0;163142.0;205950.0;187728.0;200772.0;188649.0;199698.0;218247.0;187505.0;264064.0;203932.0;199058.0;193481.0;212369.0;195615.0;197325.0;171741.0;172889.0;190897.0;179704.0;191023.0;
16000;215829.0;208958.0;200429.0;174879.0;206448.0;190882.0;225841.0;208528.0;237332.0;209216.0;179673.0;245427.0;176612.0;207744.0;222643.0;216857.0;235387.0;192455.0;213486.0;194026.0;202090.0;225996.0;188622.0;228046.0;195762.0;184012.0;166449.0;186933.0;200707.0;230819.0;240636.0;244555.0;217710.0;231037.0;195941.0;174144.0;190892.0;228203.0;207804.0;195873.0;244449.0;192326.0;261843.0;253719.0;242041.0;216055.0;174669.0;195373.0;191020.0;202845.0;
17000;197217.0;218193.0;193158.0;201981.0;243098.0;216803.0;207313.0;224510.0;221118.0;235598.0;218770.0;227110.0;223986.0;248226.0;198847.0;199146.0;212345.0;221696.0;264273.0;223303.0;287773.0;207744.0;254413.0;211204.0;211760.0;200182.0;189897.0;188620.0;262258.0;210399.0;222613.0;249876.0;215758.0;226766.0;182449.0;200955.0;241130.0;235945.0;207617.0;189430.0;233377.0;210266.0;233357.0;206754.0;229960.0;200155.0;221228.0;241678.0;222896.0;243007.0;
18000;237437.0;262562.0;220535.0;222990.0;284658.0;232271.0;198577.0;216901.0;218200.0;208920.0;234698.0;247313.0;237248.0;251110.0;198358.0;268600.0;236692.0;227329.0;298852.0;225321.0;240563.0;219974.0;223954.0;214230.0;231189.0;243084.0;242390.0;211703.0;227882.0;238157.0;213576.0;201280.0;312482.0;228401.0;289876.0;232022.0;220203.0;241987.0;228730.0;245675.0;242588.0;215921.0;240116.0;209080.0;215376.0;245620.0;310130.0;243585.0;232322.0;222934.0;
19000;203750.0;231180.0;215487.0;239169.0;208631.0;264343.0;280656.0;231672.0;256814.0;245083.0;269983.0;248339.0;236895.0;272212.0;219921.0;250643.0;199462.0;243310.0;237082.0;224403.0;239353.0;232461.0;220965.0;235751.0;275694.0;225018.0;217250.0;264872.0;294444.0;232297.0;227358.0;241016.0;240294.0;268954.0;223621.0;215865.0;281904.0;227958.0;217275.0;242072.0;283941.0;231324.0;258809.0;232019.0;285212.0;235225.0;236363.0;221748.0;255692.0;237091.0;
20000;301229.0;243031.0;249215.0;280726.0;237128.0;252718.0;229617.0;266661.0;262422.0;227605.0;244226.0;256949.0;261069.0;273774.0;304819.0;235393.0;275108.0;245847.0;267340.0;271430.0;248535.0;311304.0;284562.0;237616.0;256168.0;317301.0;264575.0;237070.0;262678.0;249302.0;243052.0;243011.0;249091.0;274733.0;278581.0;258590.0;240321.0;263062.0;245092.0;307154.0;265565.0;248349.0;241355.0;306094.0;216445.0;241575.0;253898.0;249878.0;250465.0;315102.0;
21000;243795.0;264005.0;285023.0;241641.0;233532.0;279579.0;270716.0;280663.0;260430.0;318623.0;269236.0;271674.0;278301.0;285920.0;262991.0;248406.0;269221.0;257471.0;257094.0;268328.0;302800.0;279111.0;279711.0;328047.0;271774.0;300477.0;303429.0;357623.0;283403.0;267353.0;267323.0;311020.0;254602.0;298085.0;281399.0;310264.0;291325.0;294977.0;289690.0;303451.0;273880.0;269027.0;249519.0;267031.0;270678.0;277745.0;242704.0;255793.0;254510.0;279953.0;
22000;269479.0;273969.0;275310.0;287209.0;290742.0;293627.0;329707.0;281329.0;334759.0;315493.0;265506.0;294206.0;306367.0;339637.0;290750.0;286824.0;293314.0;265145.0;274546.0;255780.0;271794.0;268828.0;273484.0;276641.0;252012.0;327861.0;298357.0;357134.0;256108.0;250620.0;269384.0;266068.0;271381.0;254997.0;283375.0;259707.0;301329.0;383061.0;394213.0;293666.0;288260.0;269638.0;275863.0;274888.0;374719.0;268474.0;238020.0;329680.0;288102.0;286480.0;
23000;265847.0;267647.0;332136.0;321269.0;317194.0;277188.0;317441.0;357048.0;327080.0;291351.0;245204.0;300214.0;273520.0;329577.0;312324.0;296795.0;354224.0;310329.0;283791.0;285797.0;292589.0;297265.0;311675.0;392707.0;299625.0;298436.0;309352.0;282965.0;321953.0;306435.0;312827.0;275519.0;308188.0;302021.0;259234.0;297087.0;292252.0;293213.0;312876.0;260127.0;306823.0;304791.0;281916.0;318205.0;287124.0;295620.0;359303.0;343748.0;279445.0;281066.0;
24000;312242.0;322671.0;337980.0;304778.0;315883.0;327748.0;292193.0;344243.0;329246.0;305098.0;319851.0;368050.0;329840.0;274319.0;319340.0;311595.0;299952.0;343492.0;331244.0;324188.0;348547.0;308020.0;312567.0;285987.0;294955.0;320053.0;338821.0;310930.0;347771.0;356522.0;295275.0;327166.0;375100.0;337666.0;331270.0;310482.0;330025.0;330394.0;336409.0;282611.0;549773.0;300567.0;314794.0;362540.0;295455.0;336287.0;270516.0;360287.0;299188.0;314593.0;
25000;314063.0;297485.0;361370.0;310932.0;301833.0;312152.0;305043.0;342158.0;289086.0;345540.0;342588.0;341776.0;316964.0;350233.0;302277.0;324748.0;314440.0;389315.0;340888.0;300606.0;329161.0;355487.0;285360.0;334477.0;379379.0;323578.0;304803.0;306799.0;384302.0;295891.0;314756.0;290632.0;284244.0;418311.0;348850.0;312794.0;354256.0;299506.0;318757.0;318712.0;289561.0;312450.0;293790.0;330161.0;306908.0;335475.0;331596.0;285205.0;299824.0;411842.0;
26000;322726.0;300898.0;294921.0;344533.0;400586.0;324244.0;310916.0;370763.0;357147.0;308047.0;327193.0;417293.0;320502.0;297571.0;336599.0;307813.0;329995.0;384811.0;304243.0;351031.0;347551.0;347943.0;368786.0;295454.0;318456.0;335420.0;453022.0;495115.0;340837.0;350664.0;293283.0;300018.0;398325.0;397118.0;362645.0;329235.0;344429.0;466297.0;328506.0;369843.0;381447.0;283863.0;368325.0;325447.0;391707.0;308405.0;347049.0;377151.0;332682.0;305224.0;
27000;314818.0;369631.0;332566.0;382040.0;318963.0;392619.0;351003.0;374217.0;335575.0;363502.0;308660.0;317683.0;346505.0;378235.0;381947.0;427091.0;463477.0;336881.0;329594.0;390476.0;335407.0;364217.0;395323.0;381443.0;394571.0;328390.0;322513.0;341199.0;355084.0;412612.0;351379.0;383878.0;340951.0;328754.0;354052.0;340248.0;336697.0;419516.0;366967.0;341179.0;356835.0;484844.0;317091.0;328985.0;348896.0;358572.0;354742.0;352569.0;321462.0;373204.0;
28000;383184.0;371773.0;365646.0;372733.0;355536.0;357479.0;333349.0;431801.0;379237.0;368595.0;439370.0;461112.0;342709.0;339131.0;450985.0;365746.0;410682.0;431813.0;376670.0;337121.0;383159.0;422040.0;371323.0;365557.0;336379.0;352544.0;363638.0;322080.0;479048.0;374348.0;317094.0;334482.0;386383.0;335724.0;375923.0;355043.0;331174.0;390606.0;411484.0;346014.0;435186.0;311851.0;368828.0;376936.0;436103.0;389871.0;396598.0;378722.0;342248.0;398519.0;
29000;343568.0;377018.0;412999.0;371201.0;437005.0;392393.0;396584.0;322977.0;427898.0;583940.0;426088.0;370209.0;404382.0;324325.0;400311.0;417238.0;331501.0;406509.0;384250.0;410777.0;398894.0;363394.0;359790.0;340861.0;398364.0;343802.0;363817.0;354766.0;419577.0;449359.0;360812.0;393911.0;357865.0;398573.0;357506.0;333774.0;389968.0;446686.0;335155.0;353156.0;397189.0;394424.0;504499.0;384416.0;361491.0;363253.0;437675.0;360579.0;458643.0;550811.0;
30000;412703.0;410799.0;406193.0;477120.0;429197.0;358465.0;409435.0;412430.0;352424.0;370416.0;398643.0;411926.0;377628.0;366110.0;451334.0;366641.0;397947.0;376656.0;404053.0;383470.0;443965.0;391196.0;386937.0;437256.0;434367.0;366252.0;357353.0;447566.0;353717.0;373537.0;375052.0;454442.0;368623.0;368303.0;451907.0;341651.0;383714.0;389579.0;424597.0;380127.0;419508.0;464535.0;450071.0;376657.0;485553.0;367488.0;418194.0;384614.0;344790.0;408241.0;
31000;435734.0;400052.0;435344.0;432522.0;422064.0;402470.0;405129.0;482952.0;463560.0;377870.0;411335.0;424984.0;374411.0;374244.0;398471.0;384366.0;370785.0;382399.0;422213.0;400860.0;458230.0;484081.0;460493.0;384077.0;485851.0;405922.0;362142.0;426394.0;436563.0;401333.0;459112.0;357021.0;447355.0;408479.0;401815.0;366756.0;405459.0;458017.0;418689.0;346846.0;448805.0;474495.0;467574.0;392403.0;369894.0;490279.0;435611.0;405779.0;472756.0;385176.0;
32000;415977.0;435137.0;456812.0;403172.0;420951.0;558537.0;395722.0;363490.0;454781.0;449225.0;422699.0;421630.0;405170.0;462604.0;435743.0;427932.0;417944.0;410207.0;446080.0;412317.0;426023.0;586079.0;374564.0;550598.0;378490.0;424023.0;452583.0;393106.0;476456.0;386902.0;410178.0;407455.0;439608.0;479335.0;424110.0;415899.0;505974.0;375057.0;398946.0;418505.0;433874.0;405963.0;433797.0;441393.0;425138.0;408291.0;439462.0;516035.0;395472.0;445465.0;
33000;446887.0;426756.0;419839.0;462325.0;434965.0;406722.0;545385.0;457183.0;465426.0;529889.0;503457.0;529834.0;478620.0;457282.0;423250.0;450546.0;474490.0;444226.0;426097.0;371762.0;524351.0;429525.0;406341.0;570867.0;597009.0;414209.0;407305.0;442696.0;491412.0;416791.0;436763.0;474920.0;507755.0;423597.0;412195.0;466684.0;416288.0;499848.0;437581.0;491347.0;559685.0;425763.0;472091.0;442492.0;429367.0;425628.0;445538.0;479704.0;439217.0;432456.0;
34000;463896.0;448086.0;453112.0;460916.0;432580.0;429888.0;581637.0;467419.0;514146.0;533413.0;501452.0;642578.0;537387.0;470227.0;450640.0;407260.0;408482.0;459740.0;419703.0;498808.0;410208.0;480294.0;481317.0;488295.0;408138.0;512381.0;608060.0;498388.0;489778.0;547638.0;401098.0;453860.0;439110.0;464554.0;509245.0;441558.0;450970.0;449561.0;488116.0;442018.0;525701.0;468191.0;555112.0;472162.0;480105.0;425795.0;569467.0;433297.0;443557.0;405980.0;
35000;486942.0;508400.0;531789.0;488592.0;445129.0;526458.0;432631.0;444367.0;415386.0;454343.0;456892.0;394397.0;415552.0;402509.0;426360.0;435115.0;497263.0;424147.0;533535.0;502938.0;482694.0;442984.0;458470.0;500192.0;546143.0;457838.0;432993.0;456309.0;429675.0;483126.0;447086.0;459817.0;462094.0;456490.0;395154.0;463835.0;477555.0;536186.0;399984.0;471696.0;486818.0;432877.0;457509.0;490030.0;482661.0;425381.0;472157.0;486017.0;459253.0;464289.0;
36000;510767.0;432926.0;587356.0;454707.0;454863.0;440047.0;444198.0;495552.0;533830.0;493293.0;466179.0;485709.0;483581.0;495620.0;503476.0;538064.0;578093.0;441453.0;464570.0;494025.0;495768.0;424949.0;561277.0;462304.0;544550.0;488987.0;523054.0;430582.0;536434.0;465228.0;554804.0;517527.0;449020.0;569652.0;423328.0;510364.0;506168.0;547671.0;560628.0;475710.0;530929.0;493869.0;527260.0;494651.0;517882.0;454069.0;519593.0;562308.0;462888.0;434052.0;
37000;517275.0;445387.0;525734.0;528329.0;463871.0;454319.0;533091.0;504319.0;466911.0;480513.0;467153.0;487398.0;584034.0;479936.0;430350.0;549413.0;589902.0;485917.0;617840.0;443423.0;489548.0;540879.0;466341.0;499279.0;484280.0;477041.0;597154.0;520654.0;488489.0;532290.0;585452.0;451987.0;562061.0;514976.0;522108.0;514428.0;564533.0;546321.0;531955.0;432087.0;538694.0;490459.0;483046.0;555636.0;481583.0;575963.0;565964.0;522346.0;507415.0;465030.0;
38000;494871.0;571458.0;520338.0;466462.0;563716.0;471026.0;494431.0;529869.0;494563.0;544509.0;459357.0;503212.0;569753.0;472056.0;489338.0;591299.0;521767.0;616993.0;564846.0;500387.0;482716.0;500968.0;553881.0;505596.0;492618.0;477271.0;567540.0;491036.0;490543.0;473875.0;480152.0;545415.0;573345.0;497664.0;489360.0;466339.0;515890.0;488291.0;524688.0;489726.0;476667.0;483281.0;498306.0;508051.0;515076.0;527825.0;479592.0;527834.0;504050.0;497808.0;
39000;533819.0;479418.0;579773.0;644616.0;499150.0;617047.0;473258.0;521096.0;468206.0;476248.0;529392.0;519730.0;555905.0;475638.0;563031.0;553946.0;537455.0;692649.0;562848.0;546409.0;524608.0;556960.0;466166.0;562370.0;562761.0;562064.0;467723.0;528088.0;652257.0;549439.0;541345.0;584690.0;554558.0;523134.0;580095.0;763956.0;519646.0;563503.0;471104.0;554557.0;584194.0;538397.0;539472.0;507480.0;598195.0;505388.0;501167.0;551881.0;471310.0;521419.0;
40000;524016.0;564609.0;709975.0;601866.0;491402.0;555651.0;499533.0;516449.0;457393.0;525248.0;494681.0;544475.0;634678.0;519008.0;541991.0;500175.0;515442.0;539670.0;515928.0;577232.0;469538.0;519854.0;551909.0;658967.0;517008.0;504764.0;470484.0;561080.0;573109.0;721281.0;504202.0;492793.0;468270.0;521268.0;471133.0;525307.0;533179.0;532735.0;456931.0;590522.0;490554.0;478539.0;534561.0;556307.0;661112.0;517967.0;618085.0;619978.0;517956.0;523957.0;
41000;525923.0;550864.0;548190.0;554110.0;566769.0;519495.0;610948.0;576120.0;542560.0;569152.0;542252.0;615503.0;608605.0;498128.0;544246.0;552223.0;527466.0;545608.0;548914.0;501855.0;677881.0;617430.0;579395.0;707238.0;609973.0;514437.0;534271.0;524383.0;832454.0;511956.0;558943.0;507491.0;566929.0;530790.0;512852.0;527683.0;531831.0;683478.0;525030.0;539034.0;579196.0;639947.0;574863.0;480282.0;648286.0;623559.0;522109.0;594177.0;561346.0;662623.0;
42000;603334.0;530645.0;651466.0;652631.0;623146.0;630857.0;555988.0;609918.0;524305.0;649326.0;552692.0;703859.0;577604.0;701305.0;561546.0;557778.0;538667.0;690680.0;507705.0;659709.0;567994.0;576550.0;623780.0;652723.0;514029.0;674408.0;606110.0;541832.0;507851.0;614431.0;603157.0;616124.0;536351.0;689761.0;594990.0;553013.0;593583.0;494033.0;651705.0;536149.0;507125.0;651985.0;588609.0;608178.0;584785.0;510919.0;521835.0;607597.0;620948.0;500646.0;
43000;642204.0;588174.0;648416.0;534467.0;537239.0;590090.0;571982.0;682006.0;583437.0;602243.0;703280.0;605589.0;522404.0;577788.0;575786.0;582894.0;558539.0;546162.0;622626.0;594825.0;544821.0;715002.0;525016.0;568235.0;669688.0;510897.0;639195.0;595849.0;551449.0;584682.0;537832.0;505071.0;633842.0;615650.0;573430.0;486708.0;611915.0;545912.0;573329.0;635782.0;497449.0;712881.0;560123.0;560453.0;536023.0;578404.0;644896.0;599430.0;556264.0;700373.0;
44000;647901.0;583868.0;615025.0;583620.0;651585.0;558980.0;643302.0;676609.0;577762.0;568834.0;778977.0;559909.0;609930.0;578897.0;581916.0;583860.0;607345.0;591375.0;671190.0;588839.0;644004.0;546864.0;759397.0;557907.0;658045.0;665613.0;578450.0;562503.0;709831.0;713967.0;574361.0;559613.0;619264.0;667990.0;558667.0;615221.0;679812.0;603188.0;629690.0;541024.0;529203.0;629738.0;621531.0;652595.0;542053.0;677672.0;677117.0;627429.0;623416.0;617186.0;
45000;600316.0;601561.0;562174.0;578064.0;599297.0;666667.0;614023.0;514246.0;576434.0;766292.0;637755.0;638306.0;837264.0;631478.0;612332.0;752822.0;734827.0;618543.0;768836.0;600432.0;574741.0;647271.0;625368.0;695257.0;677069.0;670969.0;572594.0;641431.0;641004.0;635314.0;661147.0;566589.0;566301.0;718555.0;676930.0;624200.0;582621.0;690615.0;632556.0;741360.0;635164.0;602269.0;606904.0;644789.0;667434.0;831155.0;611753.0;550304.0;676833.0;586673.0;
46000;707237.0;668912.0;565197.0;713669.0;574524.0;685579.0;590718.0;614247.0;643235.0;619220.0;655480.0;529524.0;662829.0;647429.0;638937.0;656289.0;669556.0;621484.0;639771.0;630622.0;684354.0;552352.0;601760.0;609488.0;636476.0;659419.0;573219.0;669787.0;560337.0;643419.0;521549.0;739218.0;641083.0;643666.0;623072.0;602409.0;586708.0;636551.0;652649.0;691592.0;721775.0;751166.0;579210.0;620172.0;1007822.0;793769.0;630522.0;605961.0;644757.0;662305.0;
47000;600837.0;661197.0;725816.0;653107.0;717977.0;667489.0;607423.0;797994.0;587024.0;674594.0;639236.0;616220.0;692393.0;709699.0;610795.0;608946.0;595933.0;637816.0;684857.0;607488.0;632349.0;692458.0;595146.0;834213.0;565601.0;860070.0;596011.0;748400.0;686442.0;602976.0;627914.0;681209.0;584183.0;598297.0;709106.0;581942.0;752189.0;611114.0;587702.0;706174.0;646040.0;645556.0;582494.0;660463.0;654636.0;661070.0;726208.0;604515.0;663226.0;791047.0;
48000;697972.0;684114.0;660377.0;705475.0;695099.0;597753.0;673686.0;688856.0;672290.0;706829.0;573291.0;588989.0;694196.0;721189.0;748075.0;553092.0;690199.0;644818.0;702220.0;628792.0;603263.0;697181.0;700551.0;675233.0;675154.0;701775.0;610592.0;605721.0;678786.0;736428.0;671790.0;722663.0;713486.0;651297.0;699507.0;714483.0;620747.0;710826.0;645900.0;774116.0;742502.0;700209.0;635977.0;611694.0;604493.0;645230.0;617647.0;626428.0;725765.0;741580.0;
49000;636428.0;731073.0;737742.0;646840.0;764365.0;704613.0;713414.0;656387.0;712497.0;680182.0;585257.0;735020.0;807042.0;666437.0;728457.0;659947.0;742373.0;761666.0;606623.0;585428.0;712084.0;745438.0;672800.0;659684.0;636110.0;769633.0;646902.0;624086.0;756824.0;640251.0;656527.0;579610.0;864712.0;668995.0;775388.0;615830.0;674638.0;659262.0;687304.0;641139.0;647724.0;695428.0;658304.0;606203.0;662806.0;649858.0;567010.0;791883.0;668834.0;700425.0;
50000;650005.0;678167.0;634294.0;635783.0;805467.0;708783.0;890778.0;747594.0;683429.0;794182.0;671850.0;763377.0;692465.0;727946.0;806897.0;626989.0;790801.0;635781.0;688114.0;690616.0;691305.0;809208.0;651909.0;794637.0;607900.0;669967.0;699971.0;692529.0;692552.0;654683.0;781487.0;637870.0;755759.0;831300.0;738249.0;650121.0;586047.0;751088.0;606249.0;794241.0;662529.0;626421.0;646775.0;681778.0;842475.0;702380.0;793854.0;614797.0;696088.0;720546.0;
51000;792928.0;660897.0;748618.0;719710.0;745491.0;637209.0;711849.0;727524.0;737182.0;699536.0;620616.0;757255.0;700632.0;709289.0;693591.0;737105.0;672403.0;870250.0;681987.0;660136.0;756517.0;625798.0;796888.0;629477.0;690527.0;682236.0;709954.0;708617.0;729110.0;742730.0;631268.0;739896.0;708853.0;748308.0;655901.0;754886.0;636392.0;727208.0;781876.0;682008.0;624441.0;645582.0;677862.0;699134.0;663633.0;661076.0;726596.0;730674.0;765282.0;677820.0;
52000;619142.0;715360.0;924495.0;667447.0;757249.0;718077.0;806301.0;780629.0;685898.0;736794.0;661555.0;705641.0;719262.0;767151.0;660862.0;678121.0;760599.0;747819.0;692045.0;675192.0;753238.0;714238.0;698435.0;782304.0;669039.0;770947.0;993392.0;657962.0;700295.0;821879.0;576942.0;640523.0;735056.0;656143.0;824602.0;709795.0;821200.0;789466.0;949931.0;645711.0;821607.0;756004.0;771393.0;805935.0;672236.0;676223.0;696579.0;810954.0;677098.0;889419.0;
53000;727246.0;731510.0;748953.0;660981.0;830076.0;712524.0;740512.0;757451.0;717706.0;703021.0;904203.0;813462.0;709699.0;725077.0;771429.0;638781.0;654785.0;791421.0;743646.0;717369.0;658390.0;696346.0;992229.0;772306.0;818435.0;736618.0;874567.0;650646.0;779424.0;722203.0;739614.0;786889.0;768899.0;736955.0;691400.0;779698.0;788986.0;794453.0;688172.0;671003.0;863934.0;663237.0;663085.0;686691.0;696797.0;747615.0;893716.0;781367.0;768935.0;742862.0;
54000;892779.0;759735.0;754174.0;758553.0;666570.0;724806.0;913827.0;732186.0;715019.0;828615.0;695893.0;714604.0;741128.0;728799.0;725897.0;687020.0;837270.0;795406.0;668587.0;743452.0;999887.0;724754.0;696407.0;1208793.0;643025.0;817542.0;739135.0;686927.0;727820.0;874113.0;728312.0;858314.0;682695.0;718023.0;705947.0;684757.0;817098.0;745411.0;672113.0;831371.0;714882.0;673249.0;663727.0;711830.0;720553.0;763320.0;796563.0;685701.0;707107.0;680805.0;
55000;663806.0;1000555.0;784630.0;738572.0;789698.0;816882.0;675010.0;885446.0;883584.0;721675.0;699409.0;791092.0;770214.0;830175.0;759718.0;741643.0;682518.0;688726.0;811603.0;719498.0;770777.0;683557.0;720876.0;922981.0;814914.0;920263.0;735970.0;802392.0;773641.0;705616.0;702335.0;808306.0;796895.0;740297.0;832370.0;840019.0;773332.0;782915.0;783097.0;858347.0;772493.0;805680.0;718656.0;826625.0;687055.0;767465.0;702205.0;799762.0;841475.0;833933.0;
56000;935843.0;819922.0;806543.0;761099.0;868182.0;768847.0;783031.0;727919.0;845469.0;727016.0;812559.0;835437.0;900450.0;725152.0;720205.0;873362.0;787253.0;873937.0;759361.0;773655.0;663408.0;792508.0;746995.0;816021.0;878120.0;731678.0;835474.0;946154.0;706191.0;1030063.0;764987.0;789995.0;921100.0;783366.0;1060268.0;719403.0;700634.0;813138.0;768851.0;750125.0;740534.0;753975.0;788470.0;731386.0;684310.0;693610.0;698515.0;1002418.0;1006319.0;764974.0;
57000;787194.0;759373.0;732862.0;771335.0;865404.0;753333.0;719498.0;712912.0;724916.0;739348.0;753222.0;770896.0;801573.0;1080210.0;835668.0;935812.0;1104994.0;834511.0;793255.0;930170.0;870662.0;811535.0;757213.0;743052.0;776745.0;726752.0;808841.0;840419.0;764540.0;771427.0;716629.0;723602.0;814826.0;825753.0;834811.0;787085.0;944041.0;779586.0;813392.0;885042.0;761913.0;881077.0;901219.0;803109.0;851994.0;736178.0;724995.0;859495.0;889178.0;818060.0;
58000;724059.0;756169.0;741657.0;739569.0;760772.0;810714.0;698427.0;815748.0;851023.0;899687.0;832171.0;747059.0;819955.0;797333.0;843201.0;707662.0;778930.0;776211.0;789275.0;907532.0;803863.0;904263.0;928920.0;876612.0;861214.0;1175615.0;767234.0;766654.0;828830.0;873767.0;942629.0;861541.0;746433.0;770520.0;723824.0;783863.0;729375.0;819294.0;738714.0;737361.0;760365.0;812251.0;997738.0;873661.0;853794.0;768643.0;951857.0;841664.0;985435.0;862622.0;
59000;789663.0;836294.0;830957.0;732938.0;855702.0;912635.0;961653.0;855284.0;777386.0;818593.0;852348.0;824878.0;707810.0;876678.0;749432.0;984545.0;821286.0;873896.0;854734.0;817278.0;801939.0;827456.0;868041.0;886134.0;853901.0;822123.0;742064.0;789952.0;901504.0;807028.0;953578.0;800056.0;817151.0;824507.0;717164.0;752538.0;774281.0;769356.0;753024.0;805063.0;909998.0;847010.0;749743.0;781830.0;834105.0;842171.0;872094.0;819224.0;755784.0;949517.0;
60000;1016221.0;874507.0;951848.0;704900.0;845495.0;810408.0;851910.0;894853.0;772776.0;886163.0;882311.0;871135.0;892356.0;1008799.0;855777.0;831536.0;932018.0;836015.0;860376.0;771946.0;1021776.0;936654.0;812682.0;931902.0;817428.0;797711.0;865424.0;822438.0;786929.0;859136.0;787388.0;747375.0;868222.0;1025230.0;896559.0;854940.0;927159.0;837821.0;937734.0;819930.0;842518.0;852137.0;840121.0;778184.0;766502.0;896214.0;888924.0;914340.0;798933.0;719860.0;
61000;914669.0;908026.0;938544.0;861647.0;816414.0;1038471.0;946933.0;842682.0;802718.0;915131.0;871693.0;978120.0;892815.0;881186.0;880323.0;784077.0;887927.0;799429.0;872495.0;861733.0;834744.0;873502.0;808113.0;805314.0;787608.0;855786.0;882638.0;921739.0;889681.0;833715.0;836639.0;1018349.0;845088.0;905005.0;873437.0;814633.0;1001870.0;790531.0;808598.0;1064385.0;927830.0;901657.0;854278.0;976992.0;995957.0;890924.0;850350.0;845284.0;859781.0;951570.0;
62000;882998.0;814232.0;809795.0;860285.0;800416.0;850342.0;822925.0;897573.0;938363.0;1064838.0;786115.0;812202.0;953824.0;800165.0;926306.0;815491.0;882419.0;910412.0;805682.0;942885.0;1088948.0;869195.0;829421.0;878078.0;788182.0;883004.0;895802.0;805621.0;937688.0;784707.0;982318.0;908805.0;928310.0;924337.0;922191.0;781915.0;797941.0;980209.0;1005433.0;1115428.0;789051.0;907598.0;889000.0;980423.0;881864.0;795748.0;995352.0;827336.0;850377.0;975165.0;
63000;811658.0;1131877.0;881585.0;855062.0;913944.0;903934.0;901644.0;967422.0;915948.0;733393.0;1003313.0;1175665.0;973312.0;1272056.0;884232.0;913342.0;988334.0;849841.0;846937.0;1169827.0;904743.0;902694.0;932356.0;987580.0;836324.0;1238997.0;903150.0;866076.0;846129.0;867853.0;885690.0;976644.0;884255.0;1010124.0;903354.0;770281.0;911101.0;926014.0;761265.0;803162.0;1013580.0;840343.0;1044704.0;1132430.0;911410.0;834757.0;980169.0;845750.0;792939.0;1234001.0;
64000;989947.0;1263394.0;844528.0;859071.0;841852.0;1037052.0;841267.0;977747.0;863834.0;893079.0;901025.0;999306.0;851287.0;818885.0;931337.0;985279.0;1021838.0;1048942.0;888688.0;872913.0;1048190.0;989956.0;859982.0;928464.0;771756.0;1074410.0;899677.0;967453.0;1069228.0;851522.0;1080416.0;784465.0;959964.0;819444.0;873669.0;851853.0;814317.0;937921.0;845527.0;817930.0;797627.0;891478.0;941717.0;921324.0;938602.0;849585.0;919211.0;843975.0;863128.0;836833.0;
65000;936997.0;943381.0;761728.0;871846.0;1045908.0;1201384.0;1212709.0;975438.0;967965.0;897221.0;902306.0;990534.0;947115.0;803564.0;897679.0;848937.0;889065.0;958854.0;1048055.0;1010472.0;806801.0;1029563.0;858756.0;889700.0;925609.0;960345.0;879300.0;865458.0;936975.0;892541.0;956571.0;897988.0;915802.0;1033526.0;991883.0;897386.0;852589.0;800328.0;889614.0;994560.0;1008454.0;921614.0;853141.0;972144.0;921785.0;806127.0;986122.0;842193.0;908432.0;901868.0;
66000;1024619.0;933035.0;826522.0;1062759.0;847952.0;885902.0;831071.0;1053760.0;1165214.0;884445.0;858867.0;899772.0;948358.0;1091502.0;1090103.0;878179.0;1093235.0;899273.0;867442.0;878186.0;970744.0;920820.0;936422.0;899811.0;1083888.0;961729.0;943120.0;830948.0;1026300.0;902027.0;953067.0;860765.0;1068380.0;1063115.0;918224.0;903738.0;993010.0;928919.0;978209.0;862791.0;948531.0;888838.0;907632.0;1050647.0;868845.0;994032.0;866585.0;870269.0;916976.0;888060.0;
67000;861486.0;870823.0;949412.0;1028391.0;894754.0;1189997.0;998931.0;814062.0;1055103.0;956182.0;920121.0;1067330.0;1026228.0;892307.0;1009688.0;881344.0;922484.0;1019316.0;913877.0;928761.0;1058416.0;822545.0;1012072.0;925971.0;824187.0;988530.0;978068.0;897418.0;929432.0;1032780.0;870190.0;931524.0;922131.0;942428.0;1059897.0;849598.0;890290.0;941881.0;1054258.0;860125.0;881137.0;869003.0;907794.0;860769.0;1035933.0;1029202.0;930362.0;858561.0;873394.0;885574.0;
68000;994094.0;932097.0;1276496.0;954567.0;1196334.0;888048.0;1118388.0;987925.0;1009371.0;864578.0;948127.0;916897.0;935076.0;915090.0;967161.0;906317.0;908498.0;952440.0;1210164.0;1088646.0;1124513.0;955052.0;916455.0;952623.0;932404.0;949334.0;1021431.0;1021684.0;989629.0;955794.0;1020199.0;936329.0;886202.0;907188.0;886584.0;952172.0;927090.0;1044167.0;1008018.0;945587.0;875509.0;945833.0;879260.0;1027953.0;953041.0;961910.0;940056.0;1030768.0;853914.0;1065815.0;
69000;1056264.0;884365.0;1004375.0;914306.0;944668.0;902681.0;831071.0;969512.0;1028714.0;913178.0;932061.0;1114109.0;934956.0;1154551.0;987778.0;1093841.0;1034475.0;948022.0;1126058.0;995529.0;949656.0;977506.0;999567.0;1118513.0;999181.0;895709.0;891554.0;972958.0;1115290.0;940391.0;973593.0;997257.0;1075167.0;923824.0;982341.0;916715.0;890837.0;1128674.0;1132959.0;1155692.0;978550.0;932229.0;979265.0;1345717.0;875814.0;1048023.0;1165915.0;874856.0;939891.0;1087935.0;
70000;937945.0;975395.0;945570.0;1124961.0;1001937.0;1064401.0;1056803.0;905539.0;1013195.0;1018817.0;1016264.0;908001.0;1006114.0;1081131.0;1166593.0;933906.0;968509.0;1109596.0;1020913.0;926410.0;955931.0;1054765.0;1411772.0;913900.0;1006302.0;951006.0;1191812.0;1087726.0;967791.0;957716.0;943381.0;1057915.0;984336.0;1112770.0;852014.0;974310.0;1069579.0;1112060.0;947468.0;856967.0;946225.0;1048574.0;1055109.0;877796.0;1105191.0;1009520.0;977784.0;1120380.0;1018123.0;962125.0;
71000;1152031.0;1035589.0;896354.0;1002871.0;1232629.0;1130206.0;1119283.0;1040710.0;1123167.0;1048301.0;906561.0;913527.0;1063211.0;948796.0;942770.0;1209410.0;1286109.0;1017806.0;921984.0;1125165.0;1089152.0;1131697.0;1056547.0;1080909.0;986344.0;945336.0;1072468.0;849207.0;1040895.0;923350.0;1126122.0;1018933.0;948029.0;1029889.0;960675.0;981925.0;1208384.0;996158.0;1014686.0;903236.0;1015611.0;1296916.0;935438.0;1244145.0;1039652.0;956281.0;1037003.0;992606.0;907263.0;1096067.0;
72000;945889.0;1045192.0;1218645.0;952664.0;993724.0;949433.0;904246.0;999823.0;882465.0;1058232.0;1129879.0;1013815.0;979066.0;1060759.0;964740.0;1147355.0;1189574.0;1224574.0;957011.0;1075986.0;983451.0;1071104.0;1072867.0;1145250.0;1069006.0;1084975.0;1055269.0;992904.0;1133504.0;868260.0;946692.0;1034947.0;1030971.0;981405.0;1045391.0;932440.0;939144.0;1045322.0;1111065.0;1026984.0;1291321.0;987624.0;965492.0;1171197.0;1081579.0;995991.0;903181.0;970946.0;960090.0;1115831.0;
73000;936130.0;1058758.0;1190274.0;870649.0;1308265.0;1243338.0;1060064.0;1071752.0;1156032.0;1046712.0;1136044.0;982469.0;1229179.0;1093768.0;1074053.0;1010680.0;988770.0;1082207.0;1105431.0;1231416.0;1033435.0;980296.0;976237.0;906207.0;1052835.0;968866.0;896969.0;1134426.0;1218521.0;902627.0;1011235.0;1013694.0;1095468.0;974049.0;1091860.0;1139705.0;1079493.0;1078054.0;1012738.0;1003756.0;1094825.0;1348117.0;1038565.0;957183.0;1157648.0;1006025.0;1021335.0;991238.0;1045824.0;1134797.0;
74000;1089982.0;1150749.0;1094247.0;1013914.0;1074376.0;1148599.0;1078046.0;972114.0;1093209.0;1142141.0;1014735.0;923414.0;1031529.0;1096804.0;1021888.0;1062340.0;947762.0;1083932.0;1111707.0;1084662.0;1214576.0;983613.0;952948.0;1110510.0;1000085.0;1053860.0;1074729.0;1021569.0;995904.0;1054922.0;1085542.0;957706.0;1153888.0;1177267.0;1274436.0;1010065.0;1733713.0;1129368.0;1026105.0;1021139.0;1019110.0;938838.0;1087388.0;1060912.0;1353554.0;1036062.0;1242440.0;1052908.0;1315537.0;1161622.0;
75000;1065630.0;1401846.0;1035119.0;1256248.0;998395.0;998784.0;1018697.0;1114749.0;1081531.0;956311.0;1179033.0;1013173.0;1101305.0;1086505.0;1397079.0;1103306.0;1053746.0;1325232.0;1055859.0;1051126.0;1022067.0;1066303.0;992044.0;1084705.0;1055576.0;951907.0;1115132.0;1315931.0;985257.0;1013995.0;1001268.0;1261542.0;1296949.0;1106202.0;1081918.0;1027986.0;1034807.0;1023222.0;917210.0;1041244.0;1048869.0;1397292.0;1197207.0;1169885.0;1181565.0;1093476.0;1145333.0;1070158.0;1190045.0;1162490.0;
76000;1077162.0;1112838.0;1049323.0;933292.0;1057060.0;1091143.0;995800.0;1165528.0;1001656.0;1194806.0;1058008.0;1190069.0;1063523.0;1306268.0;1038247.0;1277309.0;1226522.0;1061326.0;1254844.0;997494.0;1031176.0;1030987.0;1113011.0;1037790.0;1326421.0;1258547.0;1240532.0;1027374.0;1074970.0;1005769.0;1015712.0;1000226.0;1150678.0;1051300.0;1064130.0;1078755.0;976728.0;984391.0;1115399.0;1060797.0;1042829.0;979728.0;963304.0;1016198.0;1346535.0;1058656.0;1162860.0;1070852.0;1112791.0;1107925.0;
77000;1096133.0;1004806.0;977929.0;1256487.0;1067006.0;997145.0;1055836.0;1119619.0;1234598.0;1134767.0;1304099.0;1115017.0;1130728.0;1113462.0;1090375.0;1187494.0;1030419.0;1124295.0;1272330.0;1102384.0;1013868.0;1219381.0;1158184.0;1171510.0;1127315.0;1025114.0;1037195.0;1169572.0;998676.0;1100072.0;1002577.0;1151759.0;999081.0;1235490.0;1017166.0;1224232.0;1120112.0;1077600.0;986121.0;1129062.0;1019845.0;1010932.0;1043179.0;1125943.0;1057125.0;1097856.0;1072815.0;1225656.0;1119845.0;1014164.0;
78000;1080765.0;1222933.0;1126091.0;1126353.0;1265632.0;1390447.0;1084383.0;1181690.0;1268587.0;1290951.0;1458293.0;1153215.0;1175132.0;1138263.0;1035632.0;1161914.0;1101588.0;1232155.0;1109463.0;1056089.0;969428.0;1214225.0;1106287.0;1039247.0;1110603.0;997252.0;1360436.0;1032433.0;1067778.0;1105625.0;1164716.0;993318.0;1064348.0;1070574.0;1190208.0;1044186.0;1153873.0;1068190.0;1127832.0;1018323.0;1011034.0;1111194.0;1124794.0;998090.0;1088041.0;1154409.0;963163.0;1100782.0;1099071.0;1054566.0;
79000;1274912.0;1002988.0;1198602.0;1037232.0;1155128.0;1188974.0;1193129.0;1086412.0;1086147.0;1081256.0;1134765.0;1023551.0;1075841.0;1118590.0;1069404.0;1234373.0;1483872.0;1066195.0;1022852.0;1167577.0;1294853.0;1167122.0;1073216.0;1175348.0;1442301.0;1221678.0;1140708.0;1220253.0;1236437.0;956453.0;1102144.0;1260849.0;1347314.0;1071956.0;1023810.0;1216849.0;1123308.0;1069279.0;1054646.0;1309774.0;1200409.0;1162702.0;1199004.0;1175906.0;1242767.0;1192498.0;1033983.0;1377054.0;1280857.0;1054380.0;
80000;1247817.0;1323903.0;1384631.0;1018747.0;1105295.0;1098752.0;1209309.0;1043268.0;1126239.0;1150633.0;1150794.0;1212601.0;1116355.0;1265302.0;1317296.0;1067754.0;1246759.0;1266228.0;1203126.0;1065059.0;1048968.0;1168307.0;1457342.0;1127923.0;1225138.0;1093516.0;1088657.0;1247860.0;1307011.0;1340415.0;1125093.0;1325867.0;1224727.0;1187458.0;1337080.0;1321662.0;1172604.0;1015493.0;1095101.0;1290970.0;1099115.0;1165141.0;1180444.0;1169499.0;1102571.0;1310607.0;1098393.0;1420017.0;1164494.0;1158221.0;
81000;1175396.0;1190711.0;1227537.0;1049011.0;1031527.0;1095433.0;1346973.0;1169339.0;1183309.0;1193112.0;1370770.0;1209535.0;1118870.0;1040645.0;1230466.0;1120340.0;1076089.0;1133835.0;1089814.0;1156711.0;1086502.0;1267387.0;1392761.0;1117597.0;1078221.0;1099037.0;1240268.0;1111425.0;1239636.0;1127528.0;1330704.0;1280820.0;1331774.0;1084251.0;1152216.0;1366686.0;1163420.0;1201508.0;1141155.0;1319551.0;1236100.0;1081123.0;1087521.0;1118058.0;1313126.0;1170906.0;1272362.0;1288948.0;1173533.0;1227651.0;
82000;1209617.0;1137374.0;1168965.0;1260164.0;1009106.0;1186934.0;1242264.0;1002971.0;1341854.0;1457519.0;1136489.0;1753799.0;1068687.0;1207359.0;1061033.0;1391037.0;1168754.0;1146189.0;1102481.0;1076713.0;1316031.0;1116793.0;1053637.0;1205184.0;1137244.0;1121874.0;1219531.0;1122767.0;1356906.0;1306864.0;1200310.0;1177363.0;1261210.0;1071100.0;1223395.0;1034866.0;1318654.0;1182382.0;1405084.0;1326692.0;1124481.0;1168864.0;1179765.0;1386562.0;1056259.0;1085598.0;1443923.0;1080952.0;1243683.0;1209856.0;
83000;1241981.0;1135705.0;1150312.0;1163158.0;1374811.0;1081292.0;1283647.0;1218859.0;1104361.0;1158475.0;1257850.0;1097237.0;1536523.0;1239268.0;1248240.0;1261066.0;1333963.0;1423677.0;1140593.0;1214957.0;1247784.0;1144528.0;1191232.0;1444883.0;1230737.0;1471305.0;1127854.0;1038122.0;1231723.0;1242087.0;1190311.0;1136429.0;1236060.0;1207459.0;1177945.0;1141648.0;1172318.0;1068184.0;1171411.0;1225086.0;1206710.0;1722581.0;1025667.0;1278518.0;1420357.0;1103854.0;1108890.0;1338409.0;1318248.0;1141226.0;
84000;1182266.0;1186989.0;1530517.0;1252137.0;1203581.0;1189055.0;1169502.0;1110804.0;1264672.0;1251617.0;1328516.0;1397495.0;1144705.0;1199367.0;1294925.0;1246857.0;1501289.0;1505400.0;1290600.0;1245332.0;1271577.0;1089979.0;1344340.0;1221299.0;1338863.0;1439035.0;1292452.0;1037525.0;1160207.0;1112253.0;1385868.0;1313522.0;1254914.0;1152426.0;1324010.0;1349053.0;1298030.0;1159095.0;1232359.0;1157349.0;1196426.0;1183252.0;1169508.0;1114638.0;1264496.0;1293328.0;1166213.0;1281639.0;1054591.0;1341416.0;
85000;1288774.0;1256339.0;1315830.0;1126796.0;1294554.0;1361072.0;1223320.0;1225229.0;1223651.0;1192179.0;1568565.0;1310295.0;1231465.0;1195061.0;1241369.0;1383941.0;1258735.0;1436764.0;1371479.0;1398223.0;1129843.0;1126473.0;1552868.0;1248547.0;1307579.0;1259694.0;1105533.0;1254850.0;1261179.0;1189563.0;1213532.0;1246215.0;1163046.0;1170791.0;1254736.0;1156201.0;1097355.0;1070982.0;1427749.0;1189460.0;1302281.0;1182458.0;1263968.0;1512145.0;1440486.0;1150564.0;1552140.0;1092323.0;1103559.0;1226717.0;
86000;1320271.0;1354138.0;1140725.0;1233054.0;1171559.0;1334101.0;1300848.0;1125155.0;1101749.0;1192499.0;1492089.0;1455322.0;1306867.0;1274590.0;1161264.0;1142463.0;1222547.0;1097016.0;1359215.0;1153065.0;1221339.0;1287502.0;1152339.0;1227713.0;1295860.0;1090067.0;1325059.0;1353881.0;1248217.0;1209085.0;1121967.0;1261085.0;1421615.0;1374802.0;1283394.0;1334148.0;1213587.0;1391687.0;1407218.0;1282478.0;1289567.0;1203443.0;1310259.0;1212542.0;1138211.0;1328182.0;1196480.0;1208131.0;1497406.0;1226630.0;
87000;1185674.0;1223677.0;1525856.0;1347115.0;1292027.0;1227808.0;1299486.0;1320810.0;1281833.0;1367884.0;1462839.0;1392014.0;1326446.0;1210484.0;1197601.0;1263633.0;1492703.0;1283121.0;1294005.0;1148535.0;1106341.0;1223295.0;1293565.0;1226055.0;1415978.0;1099193.0;1170750.0;1143361.0;1377518.0;1479992.0;1158350.0;1291255.0;1197147.0;1274012.0;1446674.0;1244873.0;1181942.0;1166536.0;1126265.0;1434929.0;1341266.0;1402817.0;1383608.0;1334740.0;1414747.0;1232378.0;1257539.0;1259389.0;1466812.0;1554959.0;
88000;1213282.0;1252051.0;1269934.0;1346115.0;1305188.0;1248280.0;1291030.0;1280813.0;1196731.0;1623488.0;1355907.0;1262220.0;1323600.0;1328351.0;1221303.0;1142704.0;1275717.0;1327702.0;1318819.0;1125760.0;1426781.0;1318072.0;1297358.0;1520085.0;1073941.0;1333025.0;1336916.0;1376757.0;1221289.0;1154093.0;1320074.0;1360750.0;1283414.0;1540177.0;1516524.0;1237204.0;1179821.0;1220921.0;1287238.0;1361854.0;1203406.0;1508748.0;1182375.0;1095116.0;1589021.0;1451631.0;1284200.0;1461924.0;1187933.0;1336716.0;
89000;1246918.0;1192130.0;1339451.0;1547602.0;1322082.0;1190847.0;1165732.0;1404265.0;1293954.0;1215446.0;1166424.0;1168404.0;1329092.0;1751379.0;1430714.0;1399399.0;1123727.0;1247129.0;1502648.0;1410583.0;1423533.0;1314271.0;1536768.0;1190716.0;1170917.0;1257285.0;1268722.0;1233957.0;1366739.0;1353285.0;1208949.0;1296571.0;1384983.0;1194382.0;1256492.0;1244595.0;1484229.0;1405567.0;1337035.0;1314484.0;1212898.0;1421653.0;1371853.0;1171553.0;1243445.0;1358774.0;1384239.0;1519854.0;1200879.0;1372655.0;
90000;1235105.0;1263569.0;1140691.0;1187651.0;1346823.0;1245045.0;1374982.0;1285834.0;1639349.0;1413916.0;1399852.0;1136220.0;1615911.0;1331186.0;1476526.0;1348169.0;1384159.0;1220923.0;1233774.0;1320574.0;1309455.0;1292675.0;1237212.0;1282911.0;1235246.0;1558938.0;1362437.0;1322896.0;1277420.0;1275898.0;1403894.0;1435816.0;1294832.0;1396914.0;1195530.0;1310822.0;1246521.0;1295466.0;1366361.0;1236764.0;1364796.0;1206114.0;1151710.0;1355283.0;1429393.0;1411760.0;1681924.0;1249420.0;1655902.0;1091596.0;
91000;1385107.0;1160605.0;1257277.0;1485190.0;1549367.0;1310555.0;1270238.0;1652449.0;1294140.0;1249775.0;1401053.0;1297265.0;1229698.0;1341205.0;1610036.0;1343981.0;1629778.0;1234993.0;1411998.0;1255923.0;1398342.0;1304558.0;1315482.0;1168281.0;1255281.0;1344372.0;1205784.0;1239202.0;1258154.0;1576689.0;1392862.0;1259952.0;1243760.0;1258156.0;1215061.0;1448161.0;1298886.0;1409904.0;1354897.0;1213077.0;1239118.0;1229237.0;1275948.0;1534084.0;1368864.0;1463838.0;1328195.0;1238752.0;1502565.0;1249131.0;
92000;1373085.0;1271040.0;1320339.0;1358386.0;1400734.0;1354149.0;1142530.0;1278729.0;1343131.0;1450568.0;1298971.0;1331200.0;1542725.0;1285730.0;1282114.0;1459378.0;1448886.0;1340842.0;1319620.0;1287269.0;1415590.0;1370866.0;1273341.0;1164793.0;1416623.0;1470092.0;1896807.0;1182261.0;1305729.0;1396269.0;1222554.0;1260370.0;1126920.0;1228005.0;1416392.0;1313985.0;1551629.0;1298012.0;1264655.0;1224399.0;1344438.0;1304770.0;1309467.0;1375317.0;1288955.0;1163964.0;1602087.0;1258334.0;1183593.0;1179256.0;
93000;1349925.0;1204361.0;1449490.0;1397732.0;1410650.0;1522574.0;1613281.0;1379236.0;1325109.0;1309427.0;1350841.0;1242687.0;1232099.0;1349893.0;1284422.0;1593084.0;1320533.0;1513334.0;1380538.0;1519032.0;1380630.0;1236975.0;1321648.0;1537532.0;1276629.0;1235644.0;1304351.0;1438200.0;1610797.0;1367978.0;1421876.0;1534265.0;1444997.0;1225140.0;1450239.0;1365798.0;1220574.0;1780886.0;1368600.0;1457625.0;1405709.0;1351517.0;1318410.0;1363507.0;1531305.0;1322170.0;1666257.0;1279167.0;1360622.0;1367849.0;
94000;1293906.0;1171542.0;1251968.0;1387242.0;1253029.0;1223806.0;1301051.0;1568645.0;1445812.0;1415950.0;1248609.0;1474787.0;1320851.0;1895603.0;1532435.0;1581483.0;1301606.0;1606583.0;1668904.0;1285194.0;1557101.0;1540448.0;1371423.0;1395247.0;1465979.0;1495598.0;1150339.0;1437192.0;1350787.0;1440683.0;1341029.0;1300128.0;1577966.0;1343296.0;1607494.0;1353963.0;1236720.0;1273470.0;1510211.0;1297764.0;1275135.0;1267941.0;1417960.0;1496743.0;1219084.0;1320491.0;1429426.0;1611134.0;1256044.0;1296601.0;
95000;1434625.0;1434513.0;1795010.0;1652956.0;1289358.0;1716823.0;1423218.0;1471031.0;1337546.0;1454307.0;1360364.0;1400386.0;1212824.0;1277571.0;1396770.0;1658141.0;1375851.0;1247361.0;1256797.0;1552696.0;1386711.0;1368449.0;1490418.0;1359284.0;1466094.0;1549843.0;1434671.0;1308698.0;1387382.0;1449544.0;1621011.0;1392914.0;1371122.0;1523670.0;1430565.0;1371917.0;1358947.0;1560909.0;1341068.0;1549411.0;1343550.0;1293658.0;1374527.0;1262818.0;1342218.0;1479407.0;1524399.0;1608402.0;1372671.0;1355776.0;
96000;1379037.0;1589182.0;1309140.0;1507335.0;1368135.0;1470204.0;1287037.0;1191565.0;1430029.0;1263992.0;1337656.0;1499200.0;1527336.0;1482170.0;1462234.0;1411544.0;1340221.0;1177788.0;1659048.0;1429703.0;1334031.0;1339565.0;1451604.0;1350581.0;1226496.0;1532370.0;1468556.0;1346561.0;1605360.0;1333956.0;1374274.0;1303749.0;1563035.0;1309307.0;1492021.0;1287161.0;1589303.0;1256184.0;1438009.0;1314948.0;1383916.0;1776623.0;1301922.0;1641638.0;1361146.0;1285263.0;1380871.0;1357581.0;1548677.0;1362351.0;
97000;1343804.0;1225344.0;1383261.0;1349713.0;1367528.0;1533866.0;1192632.0;1498380.0;1673866.0;1692760.0;1572774.0;1251043.0;1409967.0;1470040.0;1233837.0;1442138.0;1489449.0;1780940.0;1341551.0;1545493.0;1479857.0;1522433.0;1294744.0;1367923.0;1341216.0;1349666.0;1449394.0;1350376.0;1315607.0;1440041.0;1392891.0;1294581.0;1322260.0;1374312.0;1478204.0;1321414.0;1321114.0;1736590.0;1385185.0;1232856.0;1546304.0;1442300.0;1254959.0;1536368.0;1693582.0;1693276.0;1529663.0;1293057.0;1663595.0;1357321.0;
98000;1416331.0;1398051.0;1623878.0;1524158.0;1580172.0;1406142.0;1461269.0;1515252.0;1380717.0;1326798.0;1305782.0;1521361.0;1462178.0;1245674.0;1635651.0;1459319.0;1244227.0;1387065.0;1476813.0;1497295.0;1480186.0;1274793.0;1295787.0;1380079.0;1444910.0;1532374.0;1472732.0;1387764.0;1600177.0;1589684.0;1561927.0;1618853.0;1462127.0;1285254.0;1545141.0;1507855.0;1291516.0;1295589.0;1537577.0;1636297.0;1404831.0;1428494.0;1426790.0;1549101.0;1709208.0;1275604.0;1588039.0;1461152.0;1384222.0;1411986.0;
99000;1530526.0;1383629.0;1498201.0;1322192.0;1591660.0;1522663.0;1404537.0;1471597.0;1453274.0;1406015.0;1531161.0;1539796.0;1433354.0;1498954.0;1677735.0;1601243.0;1533364.0;1602499.0;1581233.0;1374390.0;1815817.0;1657182.0;1483879.0;1427987.0;1423092.0;1483821.0;1699534.0;1365347.0;1576899.0;1459616.0;1479623.0;1639093.0;1570279.0;1706098.0;1414898.0;1335944.0;1490483.0;1446635.0;1197419.0;1516523.0;1481462.0;1328106.0;1524752.0;1411327.0;1226409.0;1512536.0;1520100.0;1655147.0;1524436.0;1754642.0;
100000;1531424.0;1444288.0;1331743.0;1911174.0;1482683.0;1650382.0;1722676.0;1448007.0;1369297.0;1491310.0;1562732.0;1484928.0;1495527.0;1642816.0;1448534.0;1627413.0;1477883.0;1482475.0;1540338.0;1424592.0;1498761.0;1404421.0;1405639.0;1461960.0;1376587.0;1489784.0;1397251.0;1469724.0;1304694.0;1638025.0;1479808.0;1466742.0;1297344.0;1293333.0;1455081.0;1622915.0;1376039.0;1716679.0;1389906.0;1350837.0;1473163.0;1296337.0;1449073.0;1367162.0;1576911.0;1377335.0;1414598.0;1414316.0;1394586.0;1548718.0;
