1000;360,0;369,0;375,0;368,0;380,0;353,0;359,0;359,0;364,0;365,0;362,0;378,0;365,0;350,0;372,0;362,0;345,0;369,0;373,0;375,0;378,0;378,0;358,0;357,0;376,0;367,0;375,0;370,0;362,0;356,0;358,0;358,0;377,0;379,0;381,0;360,0;364,0;388,0;371,0;356,0;384,0;369,0;361,0;354,0;362,0;365,0;360,0;382,0;360,0;374,0;
2000;719,0;718,0;748,0;728,0;692,0;723,0;738,0;709,0;731,0;740,0;744,0;721,0;747,0;744,0;740,0;747,0;743,0;765,0;729,0;737,0;725,0;720,0;712,0;738,0;720,0;741,0;726,0;714,0;717,0;738,0;738,0;735,0;716,0;737,0;731,0;743,0;726,0;710,0;715,0;723,0;727,0;740,0;747,0;755,0;750,0;742,0;738,0;722,0;727,0;744,0;
3000;1089,0;1109,0;1105,0;1119,0;1096,0;1097,0;1127,0;1063,0;1143,0;1143,0;1103,0;1099,0;1096,0;1103,0;1099,0;1094,0;1115,0;1091,0;1074,0;1107,0;1111,0;1136,0;1127,0;1089,0;1098,0;1099,0;1092,0;1093,0;1116,0;1087,0;1091,0;1070,0;1117,0;1093,0;1100,0;1097,0;1076,0;1122,0;1071,0;1101,0;1095,0;1120,0;1089,0;1112,0;1119,0;1097,0;1055,0;1086,0;1116,0;1152,0;
4000;1453,0;1451,0;1464,0;1422,0;1486,0;1467,0;1467,0;1463,0;1455,0;1468,0;1455,0;1459,0;1458,0;1458,0;1469,0;1488,0;1502,0;1473,0;1483,0;1457,0;1470,0;1508,0;1493,0;1489,0;1465,0;1478,0;1475,0;1482,0;1480,0;1450,0;1481,0;1518,0;1478,0;1497,0;1481,0;1477,0;1453,0;1459,0;1503,0;1466,0;1486,0;1462,0;1475,0;1457,0;1478,0;1460,0;1439,0;1472,0;1474,0;1453,0;
5000;1822,0;1816,0;1843,0;1799,0;1857,0;1827,0;1829,0;1837,0;1877,0;1864,0;1811,0;1842,0;1844,0;1817,0;1819,0;1878,0;1823,0;1832,0;1854,0;1832,0;1851,0;1825,0;1808,0;1829,0;1839,0;1841,0;1852,0;1843,0;1846,0;1800,0;1820,0;1789,0;1844,0;1813,0;1821,0;1838,0;1843,0;1855,0;1827,0;1801,0;1827,0;1838,0;1831,0;1857,0;1833,0;1856,0;1808,0;1826,0;1818,0;1853,0;
6000;2218,0;2216,0;2208,0;2250,0;2178,0;2184,0;2204,0;2215,0;2214,0;2207,0;2264,0;2195,0;2160,0;2214,0;2233,0;2229,0;2226,0;2210,0;2262,0;2224,0;2203,0;2176,0;2194,0;2210,0;2164,0;2198,0;2197,0;2214,0;2198,0;2197,0;2208,0;2193,0;2202,0;2215,0;2230,0;2189,0;2234,0;2187,0;2217,0;2166,0;2206,0;2210,0;2252,0;2182,0;2146,0;2169,0;2211,0;2208,0;2206,0;2167,0;
7000;2603,0;2575,0;2582,0;2541,0;2583,0;2560,0;2541,0;2536,0;2569,0;2602,0;2591,0;2570,0;2588,0;2561,0;2543,0;2592,0;2609,0;2531,0;2592,0;2584,0;2581,0;2594,0;2588,0;2582,0;2570,0;2548,0;2571,0;2563,0;2595,0;2609,0;2581,0;2542,0;2593,0;2601,0;2589,0;2549,0;2553,0;2611,0;2581,0;2582,0;2588,0;2632,0;2589,0;2593,0;2624,0;2579,0;2592,0;2607,0;2563,0;2586,0;
8000;2914,0;2929,0;2934,0;2987,0;2966,0;2950,0;2950,0;2914,0;2994,0;2904,0;2915,0;2960,0;2934,0;2946,0;2966,0;2949,0;2884,0;2870,0;2949,0;2909,0;2941,0;2906,0;2962,0;2959,0;2936,0;2940,0;2900,0;2988,0;2891,0;2930,0;2934,0;2992,0;2947,0;2935,0;2952,0;2950,0;2908,0;2924,0;2939,0;2947,0;2908,0;2947,0;2967,0;3023,0;2905,0;2932,0;2930,0;2962,0;3001,0;2918,0;
9000;3349,0;3308,0;3331,0;3328,0;3283,0;3289,0;3286,0;3317,0;3303,0;3315,0;3304,0;3302,0;3346,0;3260,0;3327,0;3306,0;3329,0;3254,0;3273,0;3283,0;3304,0;3311,0;3295,0;3355,0;3359,0;3339,0;3306,0;3308,0;3279,0;3318,0;3321,0;3291,0;3336,0;3284,0;3302,0;3313,0;3305,0;3339,0;3321,0;3370,0;3349,0;3325,0;3295,0;3323,0;3297,0;3338,0;3296,0;3340,0;3288,0;3340,0;
10000;3701,0;3694,0;3624,0;3605,0;3676,0;3695,0;3669,0;3664,0;3654,0;3720,0;3672,0;3679,0;3709,0;3695,0;3697,0;3712,0;3707,0;3654,0;3644,0;3630,0;3730,0;3684,0;3706,0;3683,0;3696,0;3649,0;3678,0;3638,0;3756,0;3713,0;3698,0;3651,0;3660,0;3711,0;3733,0;3712,0;3648,0;3684,0;3661,0;3664,0;3787,0;3687,0;3664,0;3660,0;3666,0;3661,0;3697,0;3682,0;3710,0;3648,0;
11000;4018,0;4059,0;4039,0;4024,0;4051,0;4058,0;4013,0;4072,0;4039,0;4058,0;4006,0;4050,0;4016,0;4056,0;4016,0;4044,0;4039,0;4029,0;4047,0;4029,0;4064,0;4030,0;4090,0;4109,0;4073,0;3999,0;4038,0;4041,0;4095,0;4061,0;4022,0;4040,0;4038,0;4067,0;4054,0;4067,0;4002,0;3995,0;4016,0;4056,0;4051,0;4065,0;4043,0;4044,0;4125,0;4041,0;4027,0;4086,0;4059,0;4024,0;
12000;4423,0;4398,0;4422,0;4416,0;4378,0;4384,0;4442,0;4396,0;4422,0;4452,0;4437,0;4403,0;4434,0;4388,0;4400,0;4442,0;4409,0;4446,0;4450,0;4420,0;4440,0;4402,0;4444,0;4344,0;4382,0;4422,0;4446,0;4413,0;4416,0;4320,0;4397,0;4338,0;4419,0;4354,0;4408,0;4362,0;4436,0;4392,0;4390,0;4442,0;4491,0;4383,0;4361,0;4346,0;4415,0;4437,0;4419,0;4390,0;4418,0;4420,0;
13000;4810,0;4807,0;4840,0;4803,0;4806,0;4734,0;4744,0;4776,0;4718,0;4774,0;4835,0;4777,0;4826,0;4773,0;4770,0;4782,0;4801,0;4777,0;4770,0;4752,0;4727,0;4771,0;4760,0;4825,0;4744,0;4803,0;4826,0;4799,0;4783,0;4753,0;4780,0;4726,0;4800,0;4779,0;4742,0;4840,0;4772,0;4756,0;4820,0;4758,0;4786,0;4762,0;4772,0;4778,0;4821,0;4784,0;4808,0;4796,0;4786,0;4747,0;
14000;5112,0;5147,0;5158,0;5184,0;5196,0;5209,0;5196,0;5121,0;5095,0;5152,0;5119,0;5164,0;5108,0;5093,0;5117,0;5078,0;5130,0;5184,0;5122,0;5123,0;5078,0;5110,0;5154,0;5157,0;5167,0;5179,0;5195,0;5136,0;5128,0;5073,0;5147,0;5098,0;5138,0;5138,0;5143,0;5187,0;5171,0;5169,0;5230,0;5137,0;5105,0;5176,0;5132,0;5173,0;5131,0;5200,0;5184,0;5197,0;5092,0;5120,0;
15000;5410,0;5554,0;5543,0;5434,0;5543,0;5469,0;5518,0;5498,0;5560,0;5459,0;5589,0;5576,0;5527,0;5485,0;5525,0;5478,0;5502,0;5478,0;5524,0;5499,0;5516,0;5517,0;5509,0;5489,0;5620,0;5545,0;5592,0;5509,0;5578,0;5571,0;5512,0;5523,0;5541,0;5531,0;5457,0;5532,0;5495,0;5569,0;5571,0;5539,0;5517,0;5469,0;5549,0;5609,0;5523,0;5543,0;5576,0;5518,0;5501,0;5552,0;
16000;5954,0;5835,0;5851,0;5923,0;5927,0;5898,0;5866,0;5882,0;5949,0;5936,0;5840,0;5930,0;5846,0;5880,0;5902,0;5920,0;5820,0;5865,0;5846,0;5955,0;5864,0;5800,0;5879,0;5887,0;5879,0;5886,0;5835,0;5905,0;5828,0;5871,0;5851,0;5829,0;5892,0;5976,0;5881,0;5887,0;5878,0;5924,0;5861,0;5869,0;5963,0;5843,0;5879,0;5849,0;5860,0;5860,0;6004,0;5905,0;5878,0;5859,0;
17000;6229,0;6281,0;6315,0;6248,0;6261,0;6185,0;6294,0;6229,0;6224,0;6227,0;6211,0;6328,0;6308,0;6195,0;6339,0;6308,0;6326,0;6332,0;6262,0;6287,0;6352,0;6300,0;6214,0;6202,0;6257,0;6245,0;6186,0;6309,0;6336,0;6276,0;6254,0;6284,0;6235,0;6222,0;6287,0;6263,0;6290,0;6249,0;6245,0;6268,0;6289,0;6253,0;6222,0;6241,0;6241,0;6235,0;6339,0;6295,0;6244,0;6255,0;
18000;6581,0;6654,0;6672,0;6614,0;6584,0;6604,0;6646,0;6622,0;6660,0;6660,0;6667,0;6682,0;6681,0;6600,0;6564,0;6631,0;6585,0;6583,0;6706,0;6573,0;6615,0;6677,0;6596,0;6592,0;6586,0;6639,0;6582,0;6631,0;6633,0;6616,0;6605,0;6653,0;6595,0;6643,0;6612,0;6614,0;6579,0;6588,0;6625,0;6591,0;6659,0;6561,0;6602,0;6612,0;6605,0;6617,0;6670,0;6577,0;6611,0;6580,0;
19000;7018,0;6974,0;6931,0;6975,0;6947,0;7055,0;6992,0;6985,0;6950,0;6982,0;6978,0;7002,0;6997,0;6964,0;7040,0;6993,0;6992,0;7049,0;6955,0;6980,0;6956,0;7048,0;6977,0;6946,0;7012,0;6930,0;6980,0;7042,0;7022,0;7025,0;7041,0;6961,0;6953,0;6900,0;6963,0;7022,0;7003,0;6989,0;6963,0;6988,0;6991,0;7000,0;7036,0;6983,0;6943,0;7001,0;7059,0;6900,0;7015,0;7046,0;
20000;7372,0;7349,0;7424,0;7378,0;7302,0;7423,0;7352,0;7332,0;7401,0;7479,0;7359,0;7404,0;7319,0;7398,0;7345,0;7232,0;7379,0;7298,0;7319,0;7324,0;7317,0;7298,0;7450,0;7266,0;7369,0;7397,0;7383,0;7271,0;7341,0;7402,0;7397,0;7397,0;7351,0;7320,0;7382,0;7386,0;7386,0;7343,0;7375,0;7358,0;7326,0;7331,0;7351,0;7376,0;7364,0;7376,0;7253,0;7319,0;7266,0;7367,0;
21000;7703,0;7704,0;7808,0;7760,0;7666,0;7746,0;7798,0;7807,0;7709,0;7738,0;7717,0;7772,0;7715,0;7761,0;7775,0;7767,0;7753,0;7735,0;7684,0;7696,0;7644,0;7754,0;7782,0;7675,0;7647,0;7751,0;7801,0;7668,0;7705,0;7673,0;7670,0;7694,0;7714,0;7667,0;7766,0;7704,0;7726,0;7739,0;7702,0;7756,0;7690,0;7649,0;7783,0;7709,0;7676,0;7752,0;7653,0;7769,0;7683,0;7713,0;
22000;8080,0;8089,0;8058,0;8141,0;8057,0;8093,0;8057,0;8053,0;8097,0;8138,0;8123,0;8165,0;8064,0;8156,0;8115,0;8056,0;8074,0;8007,0;8164,0;8094,0;8085,0;8077,0;8043,0;8055,0;8118,0;8028,0;8066,0;8126,0;8103,0;8028,0;8101,0;8151,0;8048,0;8117,0;8137,0;8099,0;8041,0;8126,0;8183,0;8145,0;8055,0;8084,0;8214,0;8118,0;8127,0;7963,0;8064,0;8059,0;8072,0;8062,0;
23000;8474,0;8494,0;8493,0;8472,0;8473,0;8433,0;8429,0;8531,0;8479,0;8437,0;8499,0;8475,0;8468,0;8447,0;8507,0;8464,0;8487,0;8520,0;8448,0;8472,0;8459,0;8437,0;8417,0;8493,0;8442,0;8341,0;8357,0;8451,0;8429,0;8411,0;8434,0;8497,0;8383,0;8476,0;8559,0;8481,0;8452,0;8479,0;8485,0;8447,0;8498,0;8546,0;8454,0;8456,0;8353,0;8495,0;8511,0;8496,0;8432,0;8423,0;
24000;8810,0;8740,0;8839,0;8845,0;8820,0;8774,0;8923,0;8912,0;8778,0;8812,0;8842,0;8759,0;8875,0;8810,0;8835,0;8908,0;8822,0;8852,0;8877,0;8903,0;8853,0;8851,0;8842,0;8758,0;8816,0;8894,0;8805,0;8826,0;8872,0;8830,0;8801,0;8853,0;8821,0;8831,0;8881,0;8865,0;8920,0;8824,0;8756,0;8793,0;8811,0;8828,0;8805,0;8794,0;8854,0;8813,0;8941,0;8880,0;8839,0;8836,0;
25000;9224,0;9182,0;9140,0;9219,0;9102,0;9224,0;9163,0;9150,0;9168,0;9188,0;9228,0;9218,0;9168,0;9228,0;9255,0;9187,0;9181,0;9138,0;9218,0;9181,0;9111,0;9095,0;9158,0;9164,0;9211,0;9150,0;9210,0;9241,0;9213,0;9186,0;9144,0;9254,0;9148,0;9163,0;9216,0;9146,0;9196,0;9218,0;9142,0;9251,0;9161,0;9134,0;9251,0;9143,0;9172,0;9284,0;9235,0;9303,0;9182,0;9191,0;
26000;9645,0;9555,0;9477,0;9566,0;9641,0;9596,0;9560,0;9666,0;9585,0;9551,0;9590,0;9563,0;9622,0;9617,0;9524,0;9555,0;9533,0;9543,0;9544,0;9556,0;9643,0;9572,0;9573,0;9610,0;9546,0;9583,0;9612,0;9474,0;9611,0;9508,0;9510,0;9579,0;9539,0;9567,0;9477,0;9548,0;9446,0;9681,0;9633,0;9563,0;9532,0;9644,0;9632,0;9542,0;9578,0;9553,0;9499,0;9551,0;9597,0;9544,0;
27000;9947,0;9946,0;9973,0;9919,0;9902,0;9985,0;9884,0;9890,0;9947,0;9946,0;9921,0;9918,0;10038,0;9900,0;10040,0;9869,0;9933,0;9923,0;9825,0;9883,0;9948,0;9928,0;9930,0;9906,0;9978,0;9931,0;10007,0;9992,0;9939,0;9890,0;9909,0;9971,0;9902,0;9889,0;9925,0;9928,0;9966,0;9926,0;9954,0;9957,0;9993,0;10001,0;9946,0;9902,0;9947,0;9825,0;9908,0;9979,0;9962,0;9935,0;
28000;10292,0;10327,0;10362,0;10287,0;10331,0;10272,0;10333,0;10360,0;10339,0;10467,0;10351,0;10303,0;10342,0;10259,0;10235,0;10290,0;10327,0;10221,0;10230,0;10413,0;10348,0;10346,0;10184,0;10282,0;10329,0;10277,0;10306,0;10274,0;10286,0;10308,0;10238,0;10287,0;10333,0;10351,0;10309,0;10208,0;10233,0;10285,0;10365,0;10347,0;10374,0;10277,0;10423,0;10253,0;10250,0;10411,0;10380,0;10321,0;10331,0;10278,0;
29000;10669,0;10734,0;10677,0;10644,0;10695,0;10744,0;10608,0;10653,0;10669,0;10645,0;10679,0;10547,0;10732,0;10618,0;10740,0;10663,0;10641,0;10640,0;10630,0;10740,0;10519,0;10636,0;10660,0;10645,0;10583,0;10786,0;10658,0;10661,0;10680,0;10641,0;10611,0;10640,0;10736,0;10744,0;10689,0;10716,0;10709,0;10611,0;10712,0;10719,0;10636,0;10672,0;10661,0;10657,0;10617,0;10609,0;10625,0;10584,0;10724,0;10586,0;
30000;11084,0;11038,0;11097,0;11036,0;11034,0;11027,0;10982,0;11098,0;11146,0;11064,0;11000,0;11051,0;11051,0;11084,0;11069,0;11113,0;11073,0;10905,0;10955,0;10977,0;11037,0;11098,0;10995,0;10995,0;10980,0;10972,0;11013,0;11070,0;10887,0;11036,0;11048,0;11096,0;10957,0;11069,0;11094,0;11062,0;11011,0;11037,0;11081,0;10961,0;10960,0;11012,0;11057,0;11113,0;11006,0;11037,0;10977,0;11101,0;10975,0;11005,0;
31000;11457,0;11353,0;11405,0;11343,0;11414,0;11403,0;11375,0;11397,0;11407,0;11429,0;11375,0;11385,0;11440,0;11388,0;11394,0;11458,0;11369,0;11332,0;11417,0;11422,0;11429,0;11435,0;11422,0;11366,0;11447,0;11473,0;11374,0;11414,0;11413,0;11402,0;11363,0;11411,0;11427,0;11380,0;11545,0;11426,0;11479,0;11340,0;11351,0;11361,0;11418,0;11434,0;11328,0;11372,0;11404,0;11427,0;11348,0;11360,0;11401,0;11570,0;
32000;11844,0;11748,0;11777,0;11717,0;11765,0;11725,0;11836,0;11756,0;11852,0;11760,0;11764,0;11691,0;11807,0;11825,0;11686,0;11739,0;11709,0;11679,0;11814,0;11786,0;11784,0;11746,0;11738,0;11802,0;11856,0;11845,0;11697,0;11768,0;11804,0;11825,0;11867,0;11826,0;11816,0;11776,0;11653,0;11794,0;11668,0;11880,0;11792,0;11833,0;11866,0;11638,0;11777,0;11756,0;11775,0;11739,0;11798,0;11827,0;11695,0;11770,0;
33000;12097,0;12067,0;12152,0;12149,0;12112,0;12138,0;12056,0;12093,0;12236,0;12159,0;12084,0;12201,0;12130,0;12114,0;12221,0;12133,0;12148,0;12132,0;12181,0;12173,0;12060,0;12125,0;12181,0;12183,0;12098,0;12183,0;12205,0;12125,0;12093,0;12151,0;12085,0;12062,0;12135,0;12192,0;12099,0;12217,0;12138,0;12018,0;12105,0;12124,0;12063,0;12073,0;12209,0;12064,0;12208,0;12125,0;12078,0;12161,0;12223,0;12117,0;
34000;12393,0;12552,0;12490,0;12384,0;12615,0;12461,0;12527,0;12387,0;12588,0;12489,0;12614,0;12431,0;12444,0;12507,0;12420,0;12473,0;12321,0;12546,0;12484,0;12516,0;12381,0;12539,0;12536,0;12485,0;12620,0;12583,0;12458,0;12506,0;12416,0;12477,0;12460,0;12569,0;12472,0;12495,0;12526,0;12391,0;12492,0;12557,0;12475,0;12499,0;12520,0;12533,0;12499,0;12563,0;12501,0;12666,0;12629,0;12510,0;12446,0;12629,0;
35000;12865,0;12888,0;12822,0;12758,0;12817,0;12917,0;12866,0;12820,0;12842,0;12851,0;12895,0;12899,0;12980,0;12835,0;12803,0;12847,0;12969,0;12905,0;12875,0;12900,0;12801,0;12884,0;12864,0;12915,0;12839,0;12862,0;12919,0;12884,0;12850,0;12979,0;12862,0;12884,0;12863,0;12908,0;12883,0;12839,0;12800,0;12871,0;12924,0;12913,0;12811,0;12930,0;12827,0;13000,0;12750,0;12810,0;12908,0;12886,0;12844,0;12848,0;
36000;13149,0;13194,0;13154,0;13265,0;13216,0;13344,0;13322,0;13207,0;13163,0;13270,0;13213,0;13261,0;13283,0;13207,0;13200,0;13365,0;13259,0;13142,0;13317,0;13189,0;13337,0;13270,0;13346,0;13155,0;13255,0;13162,0;13192,0;13271,0;13218,0;13214,0;13314,0;13201,0;13187,0;13190,0;13247,0;13370,0;13208,0;13278,0;13161,0;13114,0;13251,0;13231,0;13270,0;13221,0;13254,0;13161,0;13268,0;13223,0;13162,0;13141,0;
37000;13598,0;13640,0;13573,0;13601,0;13674,0;13667,0;13594,0;13699,0;13552,0;13667,0;13697,0;13581,0;13586,0;13637,0;13552,0;13562,0;13688,0;13698,0;13617,0;13585,0;13630,0;13684,0;13604,0;13626,0;13698,0;13627,0;13581,0;13649,0;13602,0;13621,0;13640,0;13498,0;13633,0;13574,0;13602,0;13637,0;13536,0;13642,0;13523,0;13714,0;13651,0;13581,0;13588,0;13634,0;13499,0;13599,0;13588,0;13579,0;13644,0;13669,0;
38000;13952,0;13911,0;13977,0;13918,0;13946,0;14082,0;13938,0;14074,0;13938,0;13982,0;13933,0;13997,0;14102,0;13913,0;13952,0;14005,0;14019,0;13906,0;13832,0;14029,0;13987,0;13963,0;13968,0;14048,0;14068,0;14110,0;13859,0;13917,0;13934,0;13919,0;14019,0;13873,0;13940,0;14090,0;14112,0;13977,0;14024,0;13845,0;13975,0;13981,0;13936,0;13990,0;13927,0;13937,0;13964,0;14058,0;13990,0;14134,0;13945,0;14089,0;
39000;14334,0;14416,0;14364,0;14296,0;14268,0;14424,0;14419,0;14297,0;14321,0;14217,0;14277,0;14464,0;14434,0;14448,0;14414,0;14396,0;14343,0;14313,0;14324,0;14241,0;14363,0;14425,0;14364,0;14324,0;14451,0;14377,0;14329,0;14353,0;14260,0;14299,0;14269,0;14355,0;14326,0;14396,0;14333,0;14337,0;14392,0;14287,0;14374,0;14324,0;14397,0;14362,0;14358,0;14306,0;14304,0;14394,0;14386,0;14409,0;14360,0;14339,0;
40000;14684,0;14814,0;14770,0;14699,0;14720,0;14702,0;14697,0;14777,0;14748,0;14806,0;14665,0;14783,0;14566,0;14645,0;14760,0;14705,0;14643,0;14739,0;14624,0;14729,0;14631,0;14714,0;14794,0;14715,0;14694,0;14719,0;14725,0;14589,0;14749,0;14631,0;14661,0;14713,0;14810,0;14750,0;14680,0;14701,0;14669,0;14828,0;14660,0;14697,0;14739,0;14683,0;14686,0;14698,0;14735,0;14750,0;14645,0;14689,0;14540,0;14665,0;
41000;15046,0;15222,0;15131,0;15039,0;15121,0;15160,0;15112,0;15167,0;15023,0;15094,0;15017,0;15014,0;15108,0;15072,0;15026,0;15093,0;15104,0;15201,0;15117,0;15166,0;15116,0;14943,0;15174,0;15095,0;14997,0;15019,0;15113,0;15143,0;15059,0;15140,0;15080,0;15116,0;15043,0;15082,0;15150,0;15030,0;15086,0;15107,0;15060,0;15171,0;15060,0;15051,0;15086,0;15049,0;15075,0;15023,0;15104,0;15114,0;15175,0;15194,0;
42000;15481,0;15474,0;15463,0;15438,0;15511,0;15463,0;15434,0;15369,0;15405,0;15470,0;15434,0;15340,0;15443,0;15457,0;15476,0;15440,0;15454,0;15399,0;15624,0;15453,0;15423,0;15487,0;15463,0;15420,0;15457,0;15536,0;15489,0;15354,0;15507,0;15513,0;15423,0;15432,0;15480,0;15447,0;15370,0;15343,0;15489,0;15467,0;15436,0;15536,0;15461,0;15576,0;15395,0;15409,0;15435,0;15572,0;15382,0;15386,0;15405,0;15452,0;
43000;15669,0;15907,0;15812,0;15802,0;15822,0;15771,0;15868,0;15689,0;15776,0;15804,0;15966,0;15802,0;15707,0;15781,0;15813,0;15821,0;15784,0;15868,0;15727,0;15816,0;15757,0;15962,0;15850,0;15962,0;15929,0;15719,0;15758,0;15811,0;15938,0;15912,0;15680,0;15890,0;15784,0;15839,0;15768,0;15774,0;15832,0;15837,0;15731,0;15824,0;15762,0;15853,0;15926,0;15814,0;15807,0;15875,0;15913,0;15762,0;15708,0;15857,0;
44000;16334,0;16220,0;16247,0;16232,0;16233,0;16236,0;16231,0;16264,0;16088,0;16157,0;16286,0;16183,0;16108,0;16209,0;16250,0;16009,0;16106,0;16114,0;16188,0;16122,0;16107,0;16139,0;16157,0;16205,0;16248,0;16037,0;16092,0;16251,0;16181,0;16144,0;16146,0;16125,0;16327,0;16182,0;16285,0;16215,0;16219,0;16251,0;16190,0;16154,0;16132,0;16194,0;16248,0;16163,0;16153,0;16281,0;16137,0;16210,0;16048,0;16232,0;
45000;16572,0;16637,0;16504,0;16679,0;16515,0;16626,0;16601,0;16540,0;16621,0;16671,0;16600,0;16579,0;16612,0;16599,0;16555,0;16634,0;16505,0;16534,0;16489,0;16615,0;16511,0;16602,0;16560,0;16532,0;16641,0;16536,0;16490,0;16470,0;16607,0;16682,0;16397,0;16491,0;16580,0;16652,0;16519,0;16625,0;16480,0;16542,0;16634,0;16617,0;16563,0;16569,0;16513,0;16580,0;16513,0;16596,0;16570,0;16525,0;16613,0;16543,0;
46000;16916,0;16995,0;16896,0;16976,0;16934,0;16842,0;16918,0;16875,0;16849,0;16926,0;16972,0;16936,0;16839,0;16944,0;16965,0;16899,0;16929,0;16942,0;16846,0;16955,0;16889,0;16882,0;16974,0;16978,0;16947,0;16907,0;16950,0;16893,0;16967,0;16966,0;16904,0;16924,0;16835,0;16873,0;16930,0;16950,0;17032,0;16863,0;16962,0;17015,0;16868,0;16963,0;16840,0;16884,0;16978,0;16928,0;16996,0;16964,0;16930,0;16935,0;
47000;17171,0;17265,0;17311,0;17324,0;17313,0;17261,0;17147,0;17259,0;17363,0;17288,0;17236,0;17319,0;17321,0;17223,0;17249,0;17330,0;17310,0;17438,0;17295,0;17368,0;17305,0;17274,0;17300,0;17271,0;17406,0;17417,0;17305,0;17337,0;17354,0;17255,0;17289,0;17390,0;17249,0;17310,0;17275,0;17085,0;17339,0;17268,0;17219,0;17286,0;17351,0;17289,0;17355,0;17364,0;17183,0;17248,0;17427,0;17284,0;17329,0;17270,0;
48000;17653,0;17606,0;17601,0;17720,0;17623,0;17666,0;17673,0;17560,0;17695,0;17653,0;17588,0;17745,0;17643,0;17510,0;17647,0;17740,0;17660,0;17766,0;17829,0;17605,0;17613,0;17627,0;17615,0;17692,0;17690,0;17511,0;17591,0;17575,0;17751,0;17756,0;17671,0;17656,0;17509,0;17583,0;17555,0;17692,0;17642,0;17798,0;17635,0;17694,0;17760,0;17695,0;17459,0;17595,0;17585,0;17623,0;17656,0;17864,0;17570,0;17611,0;
49000;18086,0;17960,0;17842,0;18059,0;17938,0;17983,0;18261,0;18001,0;17988,0;17969,0;18078,0;17943,0;18018,0;17975,0;18079,0;18034,0;17992,0;17960,0;18105,0;18006,0;18081,0;18065,0;18026,0;17962,0;18050,0;17891,0;18069,0;18024,0;18007,0;17993,0;17990,0;18091,0;17985,0;18113,0;18034,0;17971,0;18004,0;18053,0;18017,0;17989,0;18045,0;18052,0;18006,0;17879,0;18095,0;18113,0;17969,0;18061,0;17996,0;17933,0;
50000;18422,0;18315,0;18335,0;18478,0;18343,0;18344,0;18543,0;18350,0;18353,0;18341,0;18332,0;18394,0;18369,0;18504,0;18416,0;18494,0;18271,0;18397,0;18428,0;18343,0;18415,0;18526,0;18437,0;18315,0;18506,0;18395,0;18406,0;18323,0;18373,0;18316,0;18384,0;18318,0;18339,0;18487,0;18507,0;18393,0;18423,0;18401,0;18445,0;18432,0;18362,0;18385,0;18327,0;18323,0;18212,0;18359,0;18258,0;18346,0;18455,0;18394,0;
51000;18700,0;18703,0;18737,0;18764,0;18695,0;18753,0;18924,0;18756,0;18812,0;18809,0;18872,0;18663,0;18713,0;18703,0;18812,0;18821,0;18738,0;18692,0;18838,0;18806,0;18660,0;18779,0;18783,0;18746,0;18883,0;18741,0;18733,0;18704,0;18754,0;18721,0;18856,0;18820,0;18787,0;18778,0;18616,0;18747,0;18659,0;18834,0;18824,0;18643,0;18781,0;18719,0;18784,0;18772,0;18768,0;18748,0;18818,0;18772,0;18726,0;18797,0;
52000;19357,0;19104,0;19140,0;19157,0;19150,0;19080,0;19073,0;19168,0;19161,0;19118,0;19104,0;19211,0;19182,0;19110,0;19014,0;19097,0;19112,0;19207,0;19141,0;19204,0;19143,0;19091,0;19171,0;19167,0;19160,0;19160,0;19141,0;19131,0;19181,0;19181,0;19178,0;19250,0;19073,0;19061,0;19163,0;19085,0;19139,0;19164,0;19236,0;19054,0;19272,0;19255,0;19189,0;19131,0;19083,0;19136,0;19135,0;18999,0;19150,0;18962,0;
53000;19553,0;19475,0;19477,0;19469,0;19596,0;19468,0;19399,0;19576,0;19478,0;19458,0;19564,0;19601,0;19372,0;19454,0;19563,0;19607,0;19489,0;19444,0;19537,0;19512,0;19646,0;19430,0;19539,0;19451,0;19512,0;19519,0;19575,0;19369,0;19498,0;19620,0;19419,0;19468,0;19354,0;19544,0;19512,0;19601,0;19509,0;19517,0;19438,0;19384,0;19494,0;19432,0;19596,0;19484,0;19458,0;19429,0;19598,0;19542,0;19589,0;19519,0;
54000;19797,0;19778,0;19842,0;19888,0;19904,0;19733,0;19909,0;19845,0;19803,0;19755,0;19932,0;19820,0;19775,0;19771,0;19848,0;19984,0;19809,0;19976,0;19862,0;19855,0;19804,0;19931,0;19864,0;19892,0;19914,0;19689,0;19752,0;19862,0;19866,0;19741,0;19840,0;19780,0;19795,0;19794,0;19932,0;19820,0;19939,0;19735,0;19885,0;19860,0;19843,0;19938,0;19966,0;19865,0;19780,0;19893,0;19828,0;19763,0;19830,0;19818,0;
55000;20290,0;20280,0;20291,0;20267,0;20416,0;20268,0;20084,0;20246,0;20323,0;20158,0;20356,0;20323,0;20221,0;20251,0;20200,0;20249,0;20299,0;20259,0;20277,0;20343,0;20237,0;20189,0;20217,0;20336,0;20110,0;20225,0;20249,0;20274,0;20255,0;20243,0;20274,0;20238,0;20140,0;20115,0;20188,0;20114,0;20267,0;20175,0;20153,0;20326,0;20224,0;20191,0;20361,0;20284,0;20295,0;20348,0;20231,0;20142,0;20236,0;20250,0;
56000;20534,0;20573,0;20685,0;20615,0;20604,0;20586,0;20471,0;20633,0;20685,0;20543,0;20674,0;20524,0;20559,0;20614,0;20606,0;20650,0;20627,0;20602,0;20567,0;20639,0;20607,0;20583,0;20590,0;20575,0;20677,0;20644,0;20570,0;20626,0;20584,0;20606,0;20520,0;20675,0;20594,0;20694,0;20614,0;20670,0;20614,0;20665,0;20710,0;20671,0;20708,0;20603,0;20608,0;20621,0;20447,0;20660,0;20506,0;20646,0;20461,0;20610,0;
57000;20971,0;21051,0;20862,0;20963,0;20937,0;20994,0;20972,0;20941,0;20952,0;21018,0;20948,0;20876,0;21015,0;21058,0;20946,0;21088,0;21046,0;21029,0;20941,0;20847,0;21031,0;21085,0;21160,0;20985,0;20884,0;20893,0;20845,0;20881,0;20948,0;20951,0;20896,0;21024,0;20901,0;20996,0;21006,0;20977,0;20965,0;20878,0;20990,0;20927,0;20889,0;21074,0;20955,0;20947,0;21113,0;20972,0;21013,0;20980,0;21157,0;21024,0;
58000;21380,0;21245,0;21468,0;21374,0;21377,0;21265,0;21322,0;21345,0;21371,0;21271,0;21408,0;21402,0;21311,0;21298,0;21490,0;21235,0;21434,0;21243,0;21220,0;21401,0;21363,0;21379,0;21357,0;21295,0;21350,0;21336,0;21394,0;21271,0;21371,0;21314,0;21324,0;21372,0;21319,0;21329,0;21283,0;21303,0;21371,0;21311,0;21238,0;21288,0;21246,0;21320,0;21351,0;21395,0;21255,0;21392,0;21364,0;21315,0;21393,0;21212,0;
59000;21796,0;21592,0;21674,0;21708,0;21727,0;21675,0;21602,0;21705,0;21716,0;21761,0;21679,0;21693,0;21795,0;21655,0;21821,0;21811,0;21733,0;21647,0;21607,0;21686,0;21612,0;21766,0;21749,0;21707,0;21632,0;21660,0;21599,0;21544,0;21947,0;21735,0;21634,0;21622,0;21694,0;21593,0;21596,0;21679,0;21584,0;21699,0;21742,0;21792,0;21672,0;21642,0;21868,0;21637,0;21634,0;21815,0;21716,0;21772,0;21527,0;21674,0;
60000;22057,0;22111,0;22104,0;22001,0;22017,0;22016,0;22051,0;22029,0;21963,0;21954,0;22078,0;22131,0;22100,0;22117,0;21941,0;22101,0;22067,0;22113,0;22005,0;22076,0;22040,0;22039,0;22064,0;22156,0;22097,0;22196,0;21977,0;21952,0;22008,0;22126,0;22023,0;22116,0;21978,0;22108,0;21942,0;22091,0;22221,0;21991,0;22010,0;22058,0;22221,0;22076,0;22103,0;22009,0;22189,0;21994,0;22064,0;22147,0;22082,0;22111,0;
61000;22536,0;22472,0;22412,0;22470,0;22378,0;22433,0;22384,0;22376,0;22549,0;22500,0;22464,0;22499,0;22589,0;22499,0;22381,0;22548,0;22449,0;22364,0;22498,0;22378,0;22392,0;22417,0;22369,0;22304,0;22432,0;22444,0;22489,0;22375,0;22456,0;22423,0;22413,0;22404,0;22346,0;22356,0;22509,0;22534,0;22494,0;22472,0;22357,0;22571,0;22441,0;22339,0;22421,0;22385,0;22459,0;22374,0;22437,0;22451,0;22385,0;22455,0;
62000;22839,0;22717,0;22694,0;22843,0;22750,0;22847,0;22845,0;22808,0;22816,0;22747,0;22809,0;22837,0;22972,0;22798,0;22923,0;22785,0;22947,0;22683,0;22768,0;22655,0;22914,0;22820,0;22810,0;22816,0;22773,0;22934,0;22768,0;22884,0;22795,0;22742,0;22809,0;22872,0;22893,0;22781,0;22979,0;22795,0;22751,0;22704,0;22913,0;22745,0;22921,0;22817,0;22733,0;22715,0;22721,0;22869,0;22697,0;22683,0;22731,0;22823,0;
63000;23210,0;23162,0;23196,0;23229,0;23063,0;23198,0;23219,0;23196,0;23320,0;23140,0;23191,0;23111,0;23139,0;23179,0;23288,0;23241,0;23179,0;23263,0;23173,0;23235,0;23050,0;23058,0;23022,0;23228,0;23172,0;23249,0;23208,0;23171,0;23296,0;23132,0;23170,0;23128,0;23077,0;23236,0;23143,0;23186,0;23191,0;23169,0;23281,0;23251,0;23203,0;23165,0;23157,0;23222,0;23049,0;23216,0;23130,0;23156,0;23277,0;23086,0;
64000;23515,0;23637,0;23579,0;23486,0;23477,0;23581,0;23593,0;23474,0;23560,0;23525,0;23570,0;23655,0;23550,0;23576,0;23582,0;23341,0;23516,0;23616,0;23491,0;23564,0;23608,0;23528,0;23590,0;23598,0;23584,0;23379,0;23493,0;23544,0;23526,0;23531,0;23423,0;23648,0;23578,0;23643,0;23420,0;23526,0;23596,0;23574,0;23535,0;23459,0;23570,0;23701,0;23661,0;23453,0;23576,0;23440,0;23523,0;23392,0;23396,0;23566,0;
65000;23911,0;23925,0;24050,0;23887,0;23892,0;23744,0;24021,0;23919,0;23870,0;23912,0;23833,0;23935,0;23797,0;23813,0;23928,0;23974,0;24102,0;23817,0;23935,0;23944,0;23819,0;24016,0;23807,0;23941,0;24000,0;23920,0;24087,0;23938,0;24131,0;23871,0;24008,0;24010,0;23995,0;23819,0;24024,0;23869,0;23730,0;23904,0;23909,0;23979,0;24042,0;24067,0;23756,0;23884,0;23792,0;23842,0;23923,0;23664,0;24002,0;23986,0;
66000;24450,0;24289,0;24291,0;24235,0;24297,0;24181,0;24169,0;24316,0;24228,0;24096,0;24296,0;24195,0;24288,0;24233,0;24306,0;24345,0;24262,0;24349,0;24323,0;24214,0;24231,0;24303,0;24222,0;24306,0;24423,0;24309,0;24302,0;24453,0;24212,0;24266,0;24151,0;24195,0;24233,0;24159,0;24136,0;24371,0;24292,0;24269,0;24329,0;24295,0;24185,0;24164,0;24336,0;24170,0;24373,0;24395,0;24394,0;24247,0;24149,0;24185,0;
67000;24568,0;24630,0;24608,0;24603,0;24772,0;24615,0;24635,0;24498,0;24565,0;24728,0;24627,0;24677,0;24641,0;24682,0;24703,0;24697,0;24676,0;24733,0;24664,0;24640,0;24676,0;24673,0;24594,0;24564,0;24525,0;24673,0;24626,0;24616,0;24832,0;24578,0;24674,0;24735,0;24587,0;24702,0;24549,0;24646,0;24631,0;24696,0;24730,0;24678,0;24603,0;24569,0;24598,0;24584,0;24717,0;24630,0;24611,0;24647,0;24644,0;24710,0;
68000;24950,0;25039,0;25139,0;24983,0;24946,0;24888,0;25068,0;25003,0;25017,0;24936,0;25057,0;24821,0;25009,0;25044,0;25215,0;24973,0;25070,0;25001,0;25109,0;24925,0;25075,0;25103,0;24993,0;24995,0;24996,0;25048,0;24936,0;24977,0;24939,0;25045,0;24926,0;24947,0;24955,0;25127,0;24995,0;25154,0;25061,0;24934,0;25016,0;25196,0;25059,0;24890,0;25012,0;25118,0;24945,0;24951,0;25111,0;24951,0;24944,0;25113,0;
69000;25402,0;25251,0;25537,0;25404,0;25384,0;25518,0;25215,0;25405,0;25328,0;25261,0;25348,0;25327,0;25469,0;25430,0;25479,0;25435,0;25436,0;25454,0;25151,0;25424,0;25394,0;25365,0;25407,0;25497,0;25358,0;25424,0;25214,0;25463,0;25415,0;25277,0;25307,0;25517,0;25426,0;25457,0;25403,0;25355,0;25397,0;25309,0;25247,0;25430,0;25355,0;25149,0;25398,0;25469,0;25503,0;25533,0;25399,0;25451,0;25236,0;25437,0;
70000;25738,0;25795,0;25795,0;25741,0;25623,0;25811,0;25587,0;25723,0;25733,0;25689,0;25666,0;25771,0;25947,0;25732,0;25766,0;25724,0;25705,0;25649,0;25693,0;25905,0;25840,0;25795,0;25580,0;25686,0;25828,0;25764,0;25749,0;25762,0;25860,0;25605,0;25657,0;25729,0;25759,0;25822,0;25870,0;25663,0;25725,0;25731,0;25765,0;25863,0;25676,0;25712,0;25623,0;25759,0;25853,0;25784,0;25776,0;25697,0;25779,0;25744,0;
71000;26027,0;26118,0;26054,0;26216,0;25975,0;26162,0;26190,0;26128,0;26113,0;26204,0;26167,0;26067,0;26035,0;26168,0;26201,0;26212,0;26138,0;25943,0;26066,0;26052,0;26198,0;26272,0;26046,0;26144,0;26123,0;26271,0;26093,0;26110,0;26230,0;26070,0;26246,0;26111,0;26176,0;26224,0;26186,0;26198,0;26129,0;26201,0;26158,0;26262,0;26109,0;26169,0;25987,0;26176,0;26106,0;26126,0;26168,0;26127,0;26060,0;26295,0;
72000;26468,0;26370,0;26585,0;26500,0;26393,0;26586,0;26477,0;26504,0;26436,0;26537,0;26484,0;26520,0;26428,0;26531,0;26505,0;26475,0;26499,0;26497,0;26317,0;26497,0;26623,0;26505,0;26370,0;26592,0;26573,0;26450,0;26427,0;26441,0;26628,0;26532,0;26536,0;26544,0;26497,0;26575,0;26558,0;26388,0;26432,0;26493,0;26439,0;26341,0;26541,0;26533,0;26448,0;26636,0;26351,0;26550,0;26468,0;26538,0;26563,0;26523,0;
73000;26856,0;26847,0;26698,0;26870,0;26945,0;26808,0;26917,0;26888,0;26812,0;26924,0;26761,0;26903,0;26663,0;27002,0;26874,0;26805,0;27002,0;26865,0;26786,0;26901,0;26906,0;26781,0;26999,0;26881,0;26938,0;26844,0;26705,0;26703,0;26827,0;26760,0;26869,0;26795,0;26943,0;26762,0;26886,0;26860,0;26878,0;26690,0;26862,0;26829,0;26781,0;26998,0;26984,0;26770,0;26915,0;26962,0;26866,0;26889,0;26766,0;26741,0;
74000;27057,0;27142,0;27323,0;27362,0;27205,0;27296,0;27325,0;27298,0;27175,0;27375,0;27275,0;27242,0;27125,0;27199,0;27314,0;27263,0;27090,0;27194,0;27074,0;27244,0;27217,0;27214,0;27172,0;27220,0;27265,0;27068,0;27404,0;27075,0;27192,0;27146,0;27274,0;27208,0;27155,0;27100,0;27340,0;27248,0;27246,0;27336,0;27196,0;27257,0;27258,0;27203,0;27195,0;27247,0;27268,0;27213,0;27272,0;27339,0;27115,0;27223,0;
75000;27617,0;27715,0;27410,0;27642,0;27635,0;27612,0;27664,0;27531,0;27650,0;27664,0;27592,0;27474,0;27507,0;27750,0;27644,0;27681,0;27520,0;27755,0;27701,0;27568,0;27729,0;27735,0;27658,0;27773,0;27566,0;27542,0;27638,0;27566,0;27468,0;27683,0;27541,0;27541,0;27583,0;27651,0;27618,0;27580,0;27582,0;27703,0;27600,0;27680,0;27604,0;27601,0;27627,0;27614,0;27618,0;27527,0;27572,0;27528,0;27507,0;27640,0;
76000;28064,0;27947,0;28048,0;28055,0;27869,0;27999,0;27989,0;27835,0;27985,0;27850,0;27878,0;27945,0;27982,0;27993,0;27987,0;27940,0;27957,0;27941,0;27943,0;27861,0;28091,0;27872,0;27953,0;28009,0;27908,0;27932,0;28037,0;28166,0;27954,0;28191,0;27909,0;27993,0;28022,0;27925,0;27961,0;27965,0;27976,0;28070,0;28074,0;27952,0;27958,0;28068,0;28071,0;27844,0;27941,0;27943,0;27792,0;27917,0;28015,0;27867,0;
77000;28494,0;28250,0;28370,0;28457,0;28367,0;28343,0;28217,0;28267,0;28434,0;28493,0;28280,0;28325,0;28379,0;28284,0;28574,0;28185,0;28276,0;28314,0;28230,0;28344,0;28326,0;28230,0;28297,0;28397,0;28458,0;28379,0;28098,0;28433,0;28361,0;28467,0;28444,0;28159,0;28256,0;28247,0;28245,0;28264,0;28231,0;28226,0;28328,0;28227,0;28189,0;28266,0;28226,0;28418,0;28243,0;28236,0;28335,0;28288,0;28281,0;28337,0;
78000;28792,0;28817,0;28745,0;28792,0;28617,0;28650,0;28780,0;28600,0;28602,0;28710,0;28732,0;28854,0;28678,0;28906,0;28557,0;28691,0;28680,0;28669,0;28649,0;28782,0;28707,0;28740,0;28688,0;28498,0;28603,0;28491,0;28790,0;28734,0;28779,0;28732,0;28704,0;28553,0;28733,0;28769,0;28696,0;28820,0;28655,0;28661,0;28515,0;28813,0;28624,0;28529,0;28577,0;28779,0;28611,0;28653,0;28832,0;28580,0;28801,0;28617,0;
79000;29239,0;29174,0;29178,0;29172,0;29280,0;29002,0;29059,0;29066,0;29139,0;29132,0;29082,0;29052,0;29033,0;28965,0;29002,0;28998,0;29150,0;28992,0;29149,0;28990,0;29101,0;28887,0;29085,0;29011,0;28957,0;29026,0;28967,0;28994,0;28996,0;29113,0;28943,0;29070,0;29213,0;29091,0;29064,0;28882,0;29151,0;29115,0;29165,0;29108,0;29127,0;28980,0;28964,0;29199,0;28970,0;29097,0;29157,0;29008,0;28928,0;29031,0;
80000;29457,0;29507,0;29541,0;29380,0;29410,0;29515,0;29642,0;29251,0;29468,0;29426,0;29475,0;29477,0;29281,0;29365,0;29338,0;29295,0;29449,0;29360,0;29492,0;29442,0;29438,0;29569,0;29520,0;29339,0;29278,0;29334,0;29355,0;29386,0;29498,0;29372,0;29477,0;29359,0;29453,0;29459,0;29378,0;29445,0;29414,0;29382,0;29517,0;29451,0;29576,0;29597,0;29399,0;29318,0;29375,0;29373,0;29521,0;29298,0;29515,0;29384,0;
81000;29927,0;29844,0;29770,0;29832,0;29778,0;29756,0;29733,0;29786,0;29798,0;29723,0;29739,0;29760,0;29705,0;29844,0;29921,0;29792,0;29775,0;29930,0;29745,0;29674,0;29763,0;29706,0;29797,0;29846,0;29901,0;29974,0;29606,0;29836,0;29994,0;29808,0;29824,0;29779,0;29793,0;29765,0;29904,0;29801,0;29727,0;29859,0;29751,0;29867,0;29748,0;29656,0;29829,0;29721,0;29754,0;29780,0;29724,0;29757,0;29867,0;29860,0;
82000;30182,0;30155,0;30151,0;30227,0;30095,0;30208,0;30319,0;30355,0;30110,0;30206,0;30328,0;30109,0;30245,0;30195,0;30225,0;30338,0;30085,0;30064,0;30152,0;30285,0;30150,0;30252,0;30013,0;30127,0;30064,0;30132,0;30185,0;30115,0;30002,0;30126,0;30192,0;30178,0;30152,0;30187,0;30158,0;30330,0;30149,0;30187,0;30171,0;30320,0;30178,0;30167,0;30194,0;30084,0;30080,0;30042,0;30058,0;30161,0;30203,0;30101,0;
83000;30642,0;30529,0;30385,0;30606,0;30651,0;30678,0;30380,0;30571,0;30565,0;30599,0;30527,0;30425,0;30443,0;30397,0;30601,0;30522,0;30289,0;30480,0;30462,0;30607,0;30463,0;30473,0;30568,0;30711,0;30577,0;30506,0;30503,0;30563,0;30324,0;30486,0;30447,0;30510,0;30613,0;30644,0;30582,0;30627,0;30642,0;30491,0;30492,0;30559,0;30511,0;30468,0;30629,0;30526,0;30626,0;30541,0;30536,0;30485,0;30534,0;30537,0;
84000;30963,0;30905,0;31042,0;30861,0;30731,0;30901,0;30826,0;30791,0;30917,0;30843,0;30965,0;30939,0;30809,0;30958,0;31022,0;30793,0;31026,0;31016,0;31017,0;30857,0;30922,0;30947,0;30790,0;30873,0;30876,0;30860,0;30874,0;30841,0;31116,0;30761,0;30880,0;30869,0;31027,0;30783,0;30764,0;30900,0;30806,0;30825,0;30826,0;30952,0;30992,0;31066,0;31071,0;30926,0;30913,0;30890,0;31019,0;31055,0;30910,0;30900,0;
85000;31364,0;31259,0;31320,0;31272,0;31370,0;31317,0;31388,0;31237,0;31298,0;31303,0;31257,0;31293,0;31188,0;31187,0;31281,0;31353,0;31265,0;31300,0;31260,0;31323,0;31136,0;31335,0;31409,0;31262,0;31269,0;31328,0;31223,0;31094,0;31150,0;31185,0;31367,0;31170,0;31119,0;31168,0;31280,0;31186,0;31185,0;31422,0;31139,0;31350,0;31304,0;31381,0;31334,0;31373,0;31294,0;31308,0;31210,0;31231,0;31337,0;31310,0;
86000;31524,0;31528,0;31552,0;31663,0;31669,0;31558,0;31700,0;31663,0;31544,0;31637,0;31720,0;31906,0;31597,0;31589,0;31624,0;31671,0;31552,0;31705,0;31647,0;31618,0;31724,0;31595,0;31869,0;31506,0;31703,0;31670,0;31647,0;31682,0;31727,0;31491,0;31456,0;31607,0;31648,0;31853,0;31731,0;31610,0;31657,0;31798,0;31662,0;31633,0;31568,0;31848,0;31641,0;31766,0;31665,0;31490,0;31798,0;31780,0;31585,0;31529,0;
87000;32124,0;32096,0;31848,0;31989,0;31862,0;31952,0;32104,0;31888,0;32015,0;31977,0;32033,0;31962,0;32171,0;32062,0;31967,0;32085,0;31907,0;32043,0;31982,0;31947,0;32053,0;32055,0;31965,0;32079,0;32062,0;32010,0;31870,0;32126,0;32140,0;31988,0;31906,0;31956,0;32056,0;31935,0;32095,0;31934,0;31923,0;31897,0;31879,0;32073,0;32087,0;31925,0;31962,0;32047,0;32021,0;31940,0;32080,0;32155,0;32015,0;31818,0;
88000;32477,0;32306,0;32360,0;32528,0;32263,0;32368,0;32249,0;32273,0;32340,0;32358,0;32473,0;32255,0;32506,0;32352,0;32401,0;32289,0;32427,0;32473,0;32427,0;32328,0;32309,0;32382,0;32420,0;32353,0;32395,0;32377,0;32407,0;32300,0;32262,0;32360,0;32298,0;32296,0;32445,0;32327,0;32436,0;32383,0;32333,0;32342,0;32287,0;32413,0;32306,0;32397,0;32494,0;32322,0;32225,0;32441,0;32435,0;32508,0;32443,0;32425,0;
89000;32723,0;32822,0;32742,0;32752,0;32820,0;32695,0;32710,0;32770,0;32863,0;32751,0;32784,0;32850,0;32684,0;32730,0;32912,0;32601,0;32639,0;32778,0;32744,0;32837,0;32694,0;32796,0;32706,0;32683,0;32862,0;32661,0;32640,0;32817,0;32692,0;32659,0;32700,0;32755,0;32879,0;32847,0;32646,0;32661,0;32667,0;32684,0;32770,0;32838,0;32704,0;32600,0;32758,0;32763,0;32584,0;32685,0;32756,0;32662,0;32854,0;32790,0;
90000;33181,0;32987,0;33229,0;33089,0;32890,0;33146,0;33051,0;33157,0;33248,0;32989,0;33052,0;33161,0;33063,0;32956,0;33209,0;33042,0;33222,0;33136,0;33043,0;33074,0;33122,0;33199,0;33160,0;33024,0;32973,0;33092,0;33145,0;33126,0;33168,0;33184,0;33154,0;33105,0;32993,0;33150,0;33135,0;33350,0;33231,0;33266,0;33099,0;33031,0;33090,0;33072,0;33035,0;33121,0;33190,0;33107,0;33172,0;33134,0;33010,0;33192,0;
91000;33583,0;33499,0;33368,0;33605,0;33360,0;33447,0;33403,0;33324,0;33467,0;33539,0;33419,0;33417,0;33453,0;33451,0;33471,0;33522,0;33592,0;33457,0;33657,0;33518,0;33526,0;33435,0;33589,0;33366,0;33406,0;33467,0;33604,0;33553,0;33445,0;33573,0;33431,0;33454,0;33492,0;33492,0;33545,0;33480,0;33579,0;33392,0;33431,0;33537,0;33468,0;33468,0;33542,0;33403,0;33466,0;33470,0;33487,0;33717,0;33536,0;33350,0;
92000;33663,0;33921,0;33876,0;34023,0;33911,0;33890,0;33934,0;33806,0;33797,0;33808,0;33866,0;33757,0;33964,0;33607,0;33850,0;33890,0;33923,0;33837,0;33755,0;33830,0;33916,0;33864,0;33756,0;33903,0;33797,0;33833,0;33708,0;33979,0;33899,0;33646,0;33996,0;33934,0;33874,0;33925,0;33775,0;33758,0;33841,0;33980,0;33848,0;33968,0;34019,0;34076,0;33942,0;33903,0;33672,0;33961,0;33891,0;33788,0;33863,0;33988,0;
93000;34180,0;34223,0;34171,0;34249,0;34270,0;34228,0;34281,0;34150,0;34265,0;34209,0;34087,0;34289,0;34193,0;34234,0;34247,0;34245,0;34338,0;34329,0;34125,0;34046,0;34070,0;34051,0;34239,0;34102,0;34155,0;34164,0;34249,0;34282,0;34162,0;34156,0;34187,0;34299,0;34182,0;34163,0;34174,0;34085,0;34117,0;34269,0;34061,0;34322,0;34174,0;34154,0;34306,0;34104,0;34243,0;34111,0;34128,0;34238,0;34018,0;34275,0;
94000;34576,0;34538,0;34871,0;34638,0;34532,0;34442,0;34516,0;34585,0;34614,0;34646,0;34598,0;34423,0;34727,0;34628,0;34547,0;34441,0;34502,0;34678,0;34560,0;34457,0;34567,0;34471,0;34560,0;34470,0;34587,0;34493,0;34565,0;34623,0;34438,0;34380,0;34542,0;34570,0;34604,0;34591,0;34500,0;34448,0;34579,0;34630,0;34299,0;34539,0;34441,0;34604,0;34435,0;34480,0;34695,0;34796,0;34409,0;34524,0;34592,0;34653,0;
95000;34943,0;35196,0;34983,0;34971,0;34851,0;34979,0;35038,0;34971,0;34954,0;35072,0;34791,0;34857,0;34904,0;34857,0;34940,0;34951,0;34935,0;35145,0;34707,0;34858,0;35276,0;34906,0;34967,0;34896,0;34819,0;35072,0;34854,0;35087,0;34888,0;34935,0;34853,0;34906,0;34940,0;34935,0;35020,0;35070,0;35043,0;34913,0;35031,0;34901,0;34873,0;34976,0;34854,0;34818,0;35076,0;35027,0;34894,0;34857,0;34756,0;35080,0;
96000;35179,0;35365,0;35373,0;35406,0;35137,0;35267,0;35397,0;35392,0;35375,0;35359,0;35317,0;35272,0;35390,0;35242,0;35348,0;35441,0;35282,0;35285,0;35516,0;35234,0;35339,0;35266,0;35243,0;35382,0;35430,0;35416,0;35501,0;35076,0;35374,0;35237,0;35470,0;35390,0;35185,0;35417,0;35302,0;35236,0;35352,0;35130,0;35449,0;35366,0;35183,0;35293,0;35211,0;35418,0;35182,0;35145,0;35344,0;35259,0;35360,0;35249,0;
97000;35866,0;35576,0;35911,0;35553,0;35582,0;35792,0;35371,0;35673,0;35805,0;35793,0;35680,0;35691,0;35640,0;35713,0;35777,0;35557,0;35723,0;35702,0;35881,0;35590,0;35700,0;35701,0;35661,0;35887,0;35796,0;35849,0;35639,0;35638,0;35636,0;35550,0;35509,0;35883,0;35701,0;35719,0;35750,0;35699,0;35693,0;35585,0;35716,0;35808,0;35720,0;35630,0;35746,0;35670,0;35661,0;35649,0;35538,0;35770,0;35710,0;35497,0;
98000;35963,0;36198,0;35972,0;36193,0;36225,0;36094,0;36196,0;36135,0;35960,0;36045,0;35961,0;35921,0;35998,0;36143,0;36046,0;35995,0;36201,0;36169,0;35987,0;35904,0;36108,0;36051,0;36012,0;36144,0;36008,0;35944,0;36117,0;36230,0;36126,0;36129,0;36045,0;35984,0;36023,0;36271,0;36135,0;36063,0;35955,0;35799,0;36169,0;36051,0;36212,0;36085,0;36067,0;36001,0;35911,0;35954,0;35985,0;36112,0;35995,0;36063,0;
99000;36365,0;36466,0;36272,0;36372,0;36263,0;36221,0;36395,0;36567,0;36319,0;36440,0;36555,0;36414,0;36621,0;36491,0;36344,0;36375,0;36417,0;36446,0;36372,0;36479,0;36481,0;36338,0;36236,0;36223,0;36398,0;36294,0;36417,0;36341,0;36540,0;36411,0;36401,0;36468,0;36331,0;36370,0;36362,0;36242,0;36508,0;36547,0;36478,0;36397,0;36410,0;36582,0;36373,0;36388,0;36379,0;36362,0;36493,0;36342,0;36607,0;36487,0;
100000;36953,0;36815,0;36746,0;36776,0;36734,0;36813,0;36760,0;36683,0;36703,0;36952,0;36698,0;36867,0;36846,0;36768,0;36780,0;36726,0;36772,0;36760,0;36827,0;36758,0;36721,0;36826,0;36787,0;36671,0;36715,0;36910,0;36749,0;36821,0;36917,0;36770,0;36691,0;36581,0;36795,0;36722,0;36714,0;36959,0;36836,0;36632,0;36797,0;36714,0;36687,0;36627,0;36853,0;36833,0;36904,0;36831,0;36705,0;36886,0;36588,0;36747,0;
